,r,l,t,w0,w1,w2,w3,w4,w5,w6,w7,w8,w9
0,-801.938013,2000,15.93219,0.17482394,0.08092672,0.06379354,0.11359769,0.2733957,-0.07130772,-0.13230677,0.20404223,-0.17936897,0.19545965
1,-1179.725352,4000,38.272628000000005,0.17679182,0.080563866,0.06295165,0.11473777,0.27228397,-0.07177995,-0.12670448,0.19924998,-0.17933746,0.19003335
2,-1276.030651,6000,55.061797999999996,0.17851248,0.080682375,0.062171727,0.11538433,0.27178764,-0.07121589,-0.13206895,0.20013133,-0.17884517,0.1922325
3,-1264.86706,8000,73.10374499999999,0.17905942,0.081348225,0.05656537,0.114959486,0.2710488,-0.06655367,-0.13206916,0.20251909,-0.17717892,0.19515313
4,-1280.284416,10000,88.836049,0.16825742,0.080108605,0.06415585,0.11218030000000001,0.27028263,-0.051895082,-0.133664,0.19593884,-0.18064415,0.20030799999999999
5,-1262.798139,12000,105.076523,0.16330582,0.07839489999999999,0.07051807,0.11268552,0.26871687,-0.065030634,-0.12550849,0.18307856,-0.18045004,0.20426093
6,-1248.27697,14000,121.154983,0.14273475,0.085096456,0.08373346,0.11634676,0.26886588,-0.00077779015,-0.111099616,0.19800185,-0.18154497,0.21192566
7,-1154.681966,16000,137.771268,0.14850208,0.084826745,0.08690879,0.11330724,0.2682578,0.006382231600000001,-0.111635976,0.18872578,-0.17857775,0.20836738
8,-1194.499675,18000,156.419372,0.14088316,0.09703501,0.08630267,0.11710979,0.27237004,0.026775775,-0.11157251,0.19029023,-0.17302583,0.21124904
9,-917.749917,20000,175.369004,0.13666589999999998,0.10761878,0.08612729599999999,0.11831671,0.27829713,0.042316797999999996,-0.11276770400000001,0.20413557,-0.1670026,0.22486898
10,-980.033315,22000,194.191786,0.1409945,0.108691804,0.08284263,0.12136452,0.2805626,0.04875407,-0.10142142,0.20253279999999999,-0.15850022,0.22663072
11,-946.437365,24000,210.587016,0.14301503,0.1101453,0.08088211,0.12214962,0.28176996,0.053378052999999995,-0.10092787,0.20484352,-0.15273285,0.23724209
12,-1005.7515119999999,26000,226.78185699999997,0.14095403,0.111122705,0.076642215,0.12115965,0.28352386,0.055076495,-0.09360619,0.20858115,-0.15686211,0.24409944
13,-988.758855,28000,243.711573,0.14540294,0.11155268,0.075072095,0.11983031,0.28699285,0.056046322,-0.09467363,0.20552379,-0.15512006,0.24532649
14,-1074.7300539999999,30000,261.382321,0.14061321,0.11077469,0.0751791,0.11934499,0.2866205,0.05583967,-0.09896444,0.20540375,-0.1565079,0.25295067
15,-945.3381410000001,32000,280.16153199999997,0.14859316,0.10958411,0.075472765,0.12304102,0.2865953,0.05728306,-0.09416537,0.20528781,-0.16017228,0.2612862
16,-993.883946,34000,296.955204,0.15573211,0.109317474,0.071270995,0.125452,0.28688923,0.05779897,-0.09166939,0.20600648,-0.15870602,0.2645794
17,-880.3585640000001,36000,314.77018300000003,0.15228516,0.10609111,0.07182724,0.12842733,0.2877141,0.058917638,-0.103665054,0.20634149,-0.15674564,0.26975974
18,-908.005217,38000,332.23278700000003,0.14639312,0.10344572,0.07639454,0.12630539,0.29723740000000004,0.061475173,-0.13375194,0.20304793,-0.15450732,0.26727690000000004
19,-1084.362597,40000,350.886554,0.14618497,0.10096721,0.082309656,0.13293229,0.3019953,0.05153288,-0.13205150000000002,0.19799085,-0.16466142,0.26489908
20,-995.516699,42000,370.012922,0.14619089999999998,0.10355408,0.08137734,0.13750476,0.2933172,0.051106545999999996,-0.09256175,0.19889744,-0.1619938,0.27147326
21,-1029.040463,44000,390.416422,0.13829373,0.10408428,0.08332333,0.14070760000000002,0.28990805,0.04797654,-0.09485157599999999,0.21268012,-0.14945266,0.27221316
22,-1003.5790509999999,46000,411.153588,0.128571,0.105117716,0.08748509,0.14028168,0.28230548,0.054830894000000005,-0.081382394,0.18764754,-0.15268604,0.26651186
23,-998.7537070000001,48000,433.385817,0.14335282,0.10272301,0.08392196,0.14019857,0.28122659999999994,0.05925418,-0.08019245,0.19612449999999998,-0.16737483,0.26386909999999997
24,-1185.48908,50000,453.310189,0.15199171,0.099185824,0.080916494,0.14535329,0.26830584,0.06713111,-0.08397772,0.20631017,-0.17246705,0.26321635
25,-1188.43674,52000,473.602692,0.15741463,0.09967296,0.07905916,0.14875007,0.27261907,0.06869088,-0.08401581,0.21669823,-0.1716053,0.26317284
26,-950.2737689999999,54000,493.412401,0.15387598,0.10422813,0.08445751,0.15191777,0.26212656,0.071602575,-0.0950198,0.2348834,-0.16647081,0.26143163
27,-1192.884147,56000,512.77787,0.15107264,0.10657801,0.087845325,0.15195088,0.24686578,0.06907982,-0.08112093,0.22920214,-0.1734091,0.26058155
28,-964.4774470000001,58000,533.889642,0.15188725,0.10505478,0.086656734,0.15781721,0.22354825,0.061106615,-0.07633929,0.23330920000000002,-0.17495944,0.25619733
29,-987.785075,60000,552.373734,0.14092615,0.10775562400000001,0.08851753,0.15626398,0.21971342,0.057073917,-0.07831892,0.23161025,-0.17031592,0.25571594
30,-995.392015,62000,572.600652,0.14323613,0.10926391,0.09268227,0.16022160000000002,0.20848738,0.053788148,-0.08484944,0.22441305,-0.15380089,0.2537586
31,-1141.847026,64000,592.384346,0.15107341,0.10895539999999998,0.08995303,0.17107739,0.22069354,0.068726785,-0.08608076,0.21522453,-0.13657422,0.25159535
32,-931.151628,66000,611.743778,0.16206585,0.11281686,0.08648528,0.17329359,0.20168824,0.0674975,-0.08603433,0.2068116,-0.11632337400000001,0.24883306
33,-1041.890032,68000,631.111157,0.17006223,0.110110775,0.08188669400000001,0.17974155,0.18975998,0.07472751,-0.09361686,0.22411309999999998,-0.11297510599999999,0.24690631
34,-1448.630406,70000,647.756508,0.16233607,0.107879505,0.07408507,0.18242215,0.17638473,0.069933645,-0.10930178,0.22937510000000003,-0.10795088,0.23736598
35,-1411.065113,72000,664.811981,0.16221915,0.10855930000000001,0.070590235,0.18550183,0.1793531,0.06929592,-0.12017855,0.23098297,-0.11688319999999999,0.23115292
36,-1407.682779,74000,682.1878,0.15190884,0.10874873,0.07081438,0.1848521,0.18979906,0.06516003,-0.12705539999999999,0.24215728,-0.12331543,0.23185219999999998
37,-1080.3207400000001,76000,700.073947,0.14364395,0.11335425,0.07164723,0.1890169,0.17375919,0.06578168,-0.12568074,0.25313962,-0.12998788,0.22444095
38,-1494.590862,78000,717.5637830000001,0.14920744,0.117265396,0.06882566,0.18564227,0.16258986,0.071179226,-0.12222329,0.24053061,-0.13876636,0.23152497
39,-942.3245039999999,80000,734.804194,0.14120953,0.11687855,0.06836944,0.18747607,0.15907815,0.06795322,-0.119397655,0.25867262,-0.13591447,0.22653557
40,-1084.120598,82000,753.01596,0.17889099,0.12471442,0.07304489,0.1731069,0.19600178,0.080890745,-0.13503045,0.2528274,-0.13586298,0.23030381
41,-1482.1143869999999,84000,771.299758,0.19080102,0.13840246,0.07195324,0.15939626,0.22993924,0.07846231,-0.13930702,0.25582054,-0.13507560000000002,0.22924076
42,-1381.788433,86000,789.71954,0.22913409999999998,0.13988738,0.067009054,0.15684357,0.2348815,0.08115609,-0.14717238,0.26727164,-0.13695051,0.22818983
43,-1373.8574310000001,88000,806.392284,0.22410904,0.15241946,0.07624086,0.15342021,0.25228986,0.082125716,-0.15937102,0.27611998,-0.15757671,0.24316974
44,-931.216892,90000,824.237661,0.25243000000000004,0.15301729999999997,0.08842477,0.1677391,0.24700989,0.04930334,-0.17258684,0.27719570000000004,-0.18266168,0.25378034
45,-1131.751047,92000,844.129626,0.26157647,0.15508781,0.09977547,0.18306215,0.25775433,0.03493618,-0.17227955,0.30098224,-0.19417225,0.27074245
46,-1022.711367,94000,862.6041240000001,0.26247287,0.16533479,0.11184785,0.180988,0.26973070000000005,0.033760026,-0.17764078,0.30812886,-0.19276632,0.29099724
47,-950.9764140000001,96000,882.312347,0.27629846,0.16454789,0.119373806,0.18082246,0.25187668,0.038715497,-0.18303077,0.29418635,-0.18769762,0.30457348
48,-1113.941098,98000,899.3234470000001,0.29601714,0.15392607,0.12606904,0.19139774,0.21154115,0.029527577000000003,-0.18290167,0.27827004,-0.18315282,0.3102938
49,-1066.735541,100000,916.571058,0.31456485,0.14671585,0.13137892,0.20095769,0.1961854,0.022548726,-0.18610942,0.25822866,-0.17052179999999997,0.31462646
50,-1023.92725,102000,933.413143,0.31418082,0.13948736,0.13387425,0.19876921,0.18281515,0.01722343,-0.18945789999999998,0.2533958,-0.16416353,0.3164695
51,-1098.452066,104000,950.465791,0.3224143,0.13398336,0.13501303,0.18819639,0.15915696,0.014665135,-0.19187675,0.27761027,-0.14667301,0.31546172
52,-914.386109,106000,968.9410019999999,0.3083288,0.13028796,0.14050074,0.19803509,0.14406368,0.014283087,-0.19208169,0.28856137,-0.15214397,0.31258813
53,-926.2835880000001,108000,985.724924,0.2967284,0.116282806,0.14031263,0.21451324,0.12419237,0.0150390575,-0.191867,0.29672015,-0.15777051,0.30949879999999996
54,-1079.3412039999998,110000,1003.2173300000001,0.28225368,0.11032081,0.13836665,0.22868508,0.10692554,0.009325952,-0.18328148,0.29779541,-0.16573696,0.3079203
55,-957.0633220000001,112000,1020.006963,0.2804388,0.10908886,0.1392858,0.23621175,0.09748673,0.01112346,-0.1673167,0.2991937,-0.16848798,0.30832020000000004
56,-1007.4165609999999,114000,1036.797386,0.26607457,0.10906959,0.1379934,0.24806528,0.09832343,0.016188463,-0.16065322,0.30194226,-0.16674533,0.30859570000000003
57,-1059.991373,116000,1053.5630429999999,0.27331826,0.10785379,0.13333470000000003,0.25794113,0.08363657,0.014430432,-0.15313171,0.30069014,-0.15723257,0.30357876
58,-1081.57307,118000,1070.458396,0.3192994,0.10778778,0.12886226,0.27322847,0.06053588,0.007949843,-0.14006196,0.29579023,-0.14508307,0.29841888
59,-978.672492,120000,1089.175517,0.36147314,0.11431011599999999,0.12995741,0.27718899999999996,0.049145594,0.006723794599999999,-0.13599381,0.2998385,-0.13543175,0.29877365
60,-961.327163,122000,1108.161123,0.35493028,0.12561607,0.13492164,0.28600264,0.04466085,0.005047965,-0.14269438,0.30524470000000004,-0.13375911,0.30100363
61,-1121.15881,124000,1125.8017869999999,0.3547244,0.1294508,0.13484265,0.28784627,0.036513098,0.005905601,-0.14781776,0.30873927,-0.12475094,0.29940483
62,-1117.4430380000001,126000,1143.0281289999998,0.37638614,0.13437507,0.13235015,0.28535396,0.03127664,0.0010543566,-0.15345103,0.31001684,-0.11226231,0.29563546
63,-1081.736852,128000,1160.950289,0.47952253,0.13153583,0.12897618,0.28393075,0.024258363999999998,-0.0011061309,-0.14006986,0.30116498,-0.095665045,0.29298973
64,-966.999001,130000,1178.437803,0.51933914,0.13187227,0.1258357,0.28969383,0.042003777,0.00037432252,-0.14648469,0.29424047,-0.08864882,0.2924047
65,-1068.641914,132000,1196.5316380000002,0.5858906,0.13197957,0.12255608,0.29110205,0.028041972000000002,-0.0075105517000000005,-0.1546869,0.30257925,-0.0806718,0.28981093
66,-1030.9317460000002,134000,1213.464488,0.64038676,0.1361763,0.124606594,0.29070076,0.017637875,-0.01315293,-0.16032623,0.30943933,-0.058402874,0.28810185
67,-1095.341359,136000,1231.91762,0.7109225,0.1373603,0.11978749,0.29792815,0.01807607,-0.021665137,-0.16443529999999998,0.3166123,-0.04565903,0.28172404
68,-1163.302865,138000,1248.672,0.84616375,0.13990289,0.121047646,0.28899103,0.0043121953,-0.025779102,-0.1679318,0.31694996,-0.04287321,0.28548628
69,-955.765724,140000,1265.6740630000002,1.0016086,0.14091645,0.11979175,0.28595656,-0.030625707999999998,-0.027264424,-0.15147996,0.31146356,-0.04325772,0.2861378
70,-1087.999583,142000,1283.52288,1.0431540000000001,0.15051855,0.12554805,0.29185300000000003,-0.041156396,-0.011259077,-0.14443581,0.30199808,-0.047990683,0.29630655
71,-1018.3989710000001,144000,1301.618584,1.0249885,0.15325703,0.12878248,0.2957361,-0.056580715,-0.005618287,-0.11294845,0.30440265,-0.046455536,0.29371625
72,-1506.394651,146000,1322.261027,1.0330483,0.15467279,0.12369728,0.29638997,-0.08125027,0.0032424059999999998,-0.059114914000000005,0.30250672,-0.037434027,0.28951102
73,-1145.650214,148000,1341.3839619999999,1.0191291999999998,0.15765475,0.12829763,0.27930844,-0.06342649,-0.0016686017999999999,-0.017807249,0.29544094,-0.04035081,0.2964961
74,-1092.170231,150000,1359.2181369999998,0.9718370999999999,0.16012792,0.13507737,0.26922929999999995,-0.06506025,0.0015786593,0.06376707,0.28748134,-0.05029534,0.2994094
75,-985.785208,152000,1376.868816,0.9734245,0.17157060000000002,0.14529364,0.26307058,-0.04491094,0.017154448,0.1410275,0.27295032,-0.066385284,0.3074321
76,-1490.561441,154000,1393.827578,0.9374108,0.19492717,0.15793921,0.24325815,-0.039019555,0.038343236,0.21667705,0.2522652,-0.07822965,0.31954423
77,-1507.4559689999999,156000,1410.5318550000002,0.91704506,0.20813368,0.1650269,0.2276322,-0.030406026000000003,0.04480185,0.25173724,0.23793854,-0.08122993,0.3229137
78,-1517.033751,158000,1428.707632,0.90953654,0.21404885,0.1762381,0.20228253,-0.029510377,0.052093104,0.2663949,0.22578720000000002,-0.10250016,0.3341048
79,-1137.589422,160000,1447.3040349999999,0.83515406,0.18216465,0.17228964,0.18297079,0.017459128,0.045528825,0.32438937,0.1881646,-0.13818501,0.3327927
80,-963.418341,162000,1465.637182,0.88780487,0.1738365,0.18331912,0.18521403,0.05053352,0.055691473,0.402023,0.17711419,-0.21869585,0.32241324
81,-999.850774,164000,1483.7952109999999,0.9478356,0.16308056,0.19247147,0.18674564,0.12749875,0.05053751,0.43337077,0.16791983,-0.25566006,0.31622928
82,-934.619543,166000,1501.889119,0.97178537,0.15497734,0.18665555,0.20023064,0.12981196,0.028022025,0.43732786,0.15780278,-0.2619077,0.296979
83,-895.8336099999999,168000,1519.6815900000001,0.97507894,0.16103065,0.18441378,0.18573548,0.1276299,0.031046652999999997,0.43996945,0.16614981,-0.2605264,0.28806728
84,-1400.9932900000001,170000,1537.863063,1.0088077,0.17095195,0.16899392,0.19269148,0.12443511,0.033875626,0.41901514,0.19623548,-0.2541581,0.2671118
85,-988.0998890000001,172000,1555.830396,1.0162843000000001,0.17292091,0.17107745,0.18964718,0.13475792,0.044735647999999996,0.43479085,0.18063773,-0.2740719,0.27168947
86,-1003.7225710000001,174000,1577.975242,1.0187469,0.17680001,0.17676297,0.17540401,0.12863281,0.047831785,0.43921655,0.18987085,-0.28685495,0.27323255
87,-1120.596537,176000,1597.315296,0.99301946,0.17627437,0.18095042,0.17123315,0.11140009,0.039528545,0.44143063,0.17500627,-0.2934589,0.27332574
88,-1310.5232460000002,178000,1614.239069,0.979736,0.16472465,0.17855379,0.16213226,0.10697931,0.041229215,0.43753466,0.16498856,-0.28177512,0.26988676
89,-1145.974518,180000,1631.085749,0.9538923,0.16559455,0.16309369,0.22008124,0.10751352,0.020849315,0.43953523,0.18082932,-0.29115820000000003,0.25848183
90,-949.775341,182000,1647.97562,0.9787003000000001,0.17235027,0.15470013,0.21653527,0.11755589,0.016218778,0.42754418,0.17338961,-0.29766533,0.24822357
91,-987.0535970000001,184000,1664.880676,0.9533094999999999,0.17854998,0.15428479,0.22122129999999998,0.12591437,0.0073067653,0.4379879,0.13468486,-0.317743,0.24688564
92,-1067.309483,186000,1681.7174149999998,0.92672104,0.16553403,0.15360671,0.24018906,0.13148834,0.007882952,0.43574345,0.11649658,-0.30960876,0.24541448
93,-1134.391439,188000,1698.617982,0.8995187,0.15727255,0.14906634,0.23725924,0.13544707,0.01173774,0.43083715,0.13214721,-0.29146087,0.2390152
94,-1017.315578,190000,1715.5060629999998,0.8586905999999999,0.15829615,0.16222811,0.2323468,0.13502389,0.016605165,0.44091883,0.11182933,-0.29816446,0.25035366
95,-961.9979390000001,192000,1732.644852,0.83819395,0.15832846,0.16489099,0.23886707,0.13172697,0.0011943091,0.44613728,0.09087776,-0.3012021,0.2555223
96,-1262.444121,194000,1750.1363489999999,0.8228321,0.15553021,0.16189533,0.23851815,0.11277759,-0.008038331,0.46935815,0.08966428,-0.28769335,0.25231344
97,-1176.662095,196000,1768.458625,0.78138405,0.15536928,0.17404109,0.24819057,0.105298,-0.03134415,0.5089676,0.026503297999999998,-0.26639777,0.2610576
98,-1036.96679,198000,1786.2065300000002,0.78484946,0.12914744,0.144281,0.2761687,0.09181017,-0.060576875,0.5262931,0.0012715647,-0.26621106,0.23523779999999997
99,-994.01537,200000,1804.669672,0.7836334,0.12583725,0.13027668,0.28061828,0.084008455,-0.08856036,0.5447254,-0.040753126,-0.24880953,0.21754079999999998
100,-993.258516,202000,1822.422572,0.73470944,0.12616864,0.13742820000000003,0.28335520000000003,0.09234765,-0.104656525,0.5439482,-0.024700655,-0.23413089999999998,0.2192096
101,-1136.263932,204000,1839.687745,0.65460163,0.125549,0.13548966,0.29560512,0.093972005,-0.13353835,0.5317181,-0.034310106,-0.2248545,0.21857846
102,-934.2400220000001,206000,1857.3310399999998,0.6603769,0.13498245,0.11850501,0.315687,0.09360289599999999,-0.19228205,0.5201296,-0.057429474,-0.19613509,0.21167946
103,-1114.005099,208000,1875.2654969999999,0.66458637,0.13480309,0.099815294,0.34955493,0.09709169,-0.29045627,0.5114877999999999,-0.058477838,-0.17800382,0.19618229999999998
104,-1141.511744,210000,1892.705025,0.652842,0.13281539,0.08258817,0.35437888,0.080095895,-0.3233091,0.51694053,-0.06088387,-0.16810662,0.18111522
105,-1180.678364,212000,1909.491776,0.5980761,0.13482986,0.07534387,0.34987545,0.07343921,-0.34245149999999996,0.5242014,-0.04495489,-0.15940633,0.16828583
106,-1097.714336,214000,1926.7282699999998,0.5351955,0.10463097,0.055792335,0.358977,0.06421347,-0.38118404,0.51982963,-0.024267,-0.15182623,0.14698036
107,-1032.5382710000001,216000,1944.3374030000002,0.47105184,0.10044709,0.040415686,0.39094266,0.07412901,-0.40674913,0.5313729,-0.036266953,-0.15667245,0.13101064
108,-1092.264439,218000,1962.59848,0.4220642,0.10189442,0.04922256,0.39763948,0.072215974,-0.40972227,0.53741,-0.06459918,-0.17492504,0.11750492
109,-1203.499257,220000,1979.1169280000001,0.41650218,0.09093833,0.040431022999999996,0.42047814,0.061853215,-0.38945490000000005,0.5156364,-0.079656735,-0.17546344,0.096398346
110,-1128.819739,222000,1996.45667,0.42535228,0.08333574,0.028825806000000002,0.39881772,0.057168255999999994,-0.36755884,0.5070528,-0.06687193,-0.17368253,0.08754601
111,-1073.0820119999998,224000,2014.584199,0.43421522,0.07476677,-0.007686758399999999,0.39170614,0.04108312,-0.34172454,0.506181,-0.07296979,-0.15558267,0.06693813
112,-1103.87236,226000,2032.5490940000002,0.42406476,0.012170836,-0.010779577,0.42901957,0.054574202999999995,-0.3707509,0.48168936,-0.09286994,-0.14455685,0.055725522
113,-1001.080437,228000,2050.1908940000003,0.42346490000000003,-0.022727326000000003,-0.077236615,0.44236845,0.05950353,-0.42339194,0.45788297,-0.1059479,-0.12040775,0.034199953
114,-1006.386605,230000,2068.781054,0.41950384,-0.06470319,-0.09910335,0.48893198,0.08494731,-0.46216968,0.43029700000000004,-0.1169556,-0.07731044,0.008746003
115,-1169.249577,232000,2088.047191,0.3951466,0.01202742,-0.12106748,0.5115122000000001,0.1160674,-0.43117946,0.4348531,-0.13082437,-0.08362381,0.010272565
116,-1034.38222,234000,2105.640508,0.32529575,0.046178699999999996,-0.09407068,0.4777031,0.074911565,-0.40470335,0.47386414,-0.19847202,-0.10416863,0.035181545
117,-1080.90828,236000,2123.025153,0.26874414,0.09070603,-0.085175134,0.48552608,0.07207045,-0.3867164,0.49953157,-0.22750957,-0.11138642,0.04909711
118,-996.6647220000001,238000,2140.433166,0.16325606,0.18293428,-0.10990408,0.46502003,0.0387564,-0.36505395,0.53025913,-0.27960762,-0.10551911,0.062054556
119,-1135.404148,240000,2158.848424,0.12646161,0.27858472,-0.10972080000000001,0.39993376,0.033605456,-0.34720403,0.52167267,-0.28671652,-0.086914256,0.08121398
120,-1140.08717,242000,2176.249395,-0.047012705,0.34315988,-0.15512979,0.35170183,0.12263124,-0.37775597,0.47638518,-0.34719659999999997,-0.09673508,0.08971919
121,-1007.9355640000001,244000,2193.6323420000003,-0.28144050000000004,0.45481923,-0.12579273,0.32296425,0.17743304,-0.34781614,0.47130507,-0.44266853,-0.15498835,0.16194658
122,-1116.868366,246000,2210.801509,-0.36285666,0.5490204000000001,-0.11233493,0.24639413,0.18319415,-0.341896,0.44387904,-0.46361506,-0.17329887,0.19187665
123,-1124.147934,248000,2227.8161149999996,-0.41461226,0.6392855,-0.09976306,0.261475,0.2212759,-0.34670985,0.37745523,-0.48112965,-0.18341486,0.21040358
124,-1155.877033,250000,2245.299834,-0.43456903,0.668625,-0.11503576,0.24280990000000002,0.29352275,-0.45880395,0.27830037,-0.44767502,-0.17551854,0.19863807
125,-1151.482887,252000,2262.263003,-0.4373192,0.65412086,-0.12680827,0.21628802,0.38095295,-0.5561943,0.12476026,-0.34577179999999996,-0.1593735,0.1881422
126,-1106.285539,254000,2279.945714,-0.42981629999999993,0.67594445,-0.09998606,0.28475009999999995,0.6119595,-0.63357323,-0.14600097,-0.07763904,-0.16378663,0.20022312
127,-1110.665009,256000,2297.873868,-0.42670897,0.70681643,-0.08030813,0.2991739,0.6860589,-0.6852861,-0.29339713,0.04966811,-0.17412062,0.21829364
128,-1136.764168,258000,2315.019197,-0.38314309999999996,0.6981403,-0.08979617,0.3213062,0.8130425,-0.7886261999999999,-0.49191186,0.2164268,-0.1693905,0.18975885
129,-950.2983220000001,260000,2332.578812,-0.42518502,0.7644595999999999,-0.058780998,0.4012795,0.76504743,-0.80378854,-0.6055031999999999,0.43077698,-0.19342515,0.22348891
130,-1016.064892,262000,2349.852222,-0.45407957,0.82819366,-0.039847765,0.44680843,0.7974944,-0.7595498,-0.6911644,0.5175805,-0.19877332,0.2556405
131,-1134.411746,264000,2367.1094350000003,-0.49449334,0.874292,-0.008088592,0.5126295999999999,0.80159265,-0.67980415,-0.7384586999999999,0.6753304,-0.23740725,0.30226898
132,-1024.311639,266000,2383.963927,-0.54968977,0.88700265,-0.01315803,0.5916449,0.79183567,-0.6505429,-0.7159585,0.74327815,-0.24001135,0.31079429999999997
133,-1006.264267,268000,2401.594223,-0.61122394,0.9366947,-0.01392467,0.70348996,0.7848048000000001,-0.62771255,-0.6001384,0.6496735,-0.24855033,0.32299182
134,-1177.591732,270000,2419.108422,-0.5904028,0.9154075999999999,-0.060645863,0.73935604,0.7683593000000001,-0.6498238000000001,-0.38296804,0.56422454,-0.20517653,0.30111113
135,-1205.6420890000002,272000,2436.028404,-0.5569359,0.89832026,-0.09421794,0.7875974,0.7635819,-0.6621319999999999,-0.35515377,0.53890264,-0.16491960000000003,0.2712746
136,-1191.859557,274000,2453.573745,-0.5444718000000001,0.9218652,-0.09656454,0.8930393,0.81941885,-0.6192085999999999,-0.34144002,0.5884816999999999,-0.1571839,0.2802473
137,-1079.021294,276000,2471.395661,-0.5439839,0.9670200999999999,-0.09502898,0.9523739,0.8942958000000001,-0.5663953,-0.31849933,0.61469245,-0.19457677,0.28437677
138,-1205.1304519999999,278000,2489.114354,-0.52124363,0.96916604,-0.07557593,0.9131493,0.8996195,-0.5590549,-0.30358735,0.62160623,-0.20303068,0.2952993
139,-1027.937897,280000,2506.40301,-0.49397767,0.91160536,-0.01092594,0.8427583000000001,0.9414048,-0.54314363,-0.29841724,0.680942,-0.27855763,0.32685253
140,-1066.2912019999999,282000,2523.326768,-0.43304124,1.0082436,-0.02000936,0.82412237,1.0424255999999998,-0.47471216,-0.27995694,0.39836168,-0.26291153,0.34758085
141,-1173.0238359999998,284000,2540.333226,-0.47031653,1.1220646,0.012289498000000001,0.85163844,1.3029875,-0.49207965,-0.25673789999999996,0.3320249,-0.29082185,0.39164603
142,-1134.666148,286000,2557.913765,-0.52275884,1.2151895000000001,0.03540766,0.86364776,1.3249886999999998,-0.512864,-0.24661523,0.34018907,-0.29078746,0.41642672
143,-1028.1363,288000,2575.140068,-0.5891685999999999,1.2969149,0.121052936,0.88449,1.4475479,-0.5255373000000001,-0.25541252,0.24199712,-0.3329278,0.47638825
144,-1105.528325,290000,2592.9288309999997,-0.65573645,1.3521290000000001,0.17307356,0.85713816,1.530683,-0.5047512,-0.24414916,0.17795806,-0.36392040000000003,0.5218286
145,-1151.40931,292000,2609.9442129999998,-0.60503644,1.2793326,0.13924927,0.7886692,1.5791593000000002,-0.5042637,-0.32101953,0.13671075,-0.3006659,0.4961763
146,-1109.432505,294000,2628.494342,-0.60622495,1.3175355,0.15685253,0.78558713,1.6517963,-0.41873834,-0.38122216,0.14620596,-0.33316842,0.5178789
147,-1003.201957,296000,2646.8052079999998,-0.5799393,1.3220558999999998,0.17699768,0.73202163,1.6768718,-0.3662667,-0.38454935,0.1779406,-0.33915868,0.5344432
148,-1013.925927,298000,2665.64862,-0.57994175,1.3198223,0.18002936,0.731675,1.67708,-0.36473259999999996,-0.38432968,0.17829582,-0.33869192,0.5368877
149,-373.920127,300000,2683.872571,-0.5804159000000001,1.3224616000000002,0.18171722,0.72268516,1.6773856,-0.3575163,-0.38396126,0.17883931,-0.3379005,0.5393284
150,-1031.742536,302000,2703.496808,-0.58091164,1.3423485000000002,0.1839164,0.7144567,1.6775705,-0.3126104,-0.38301548,0.18016045,-0.33870324,0.5492809000000001
151,-1144.8791130000002,304000,2720.934136,-0.567567,1.3931978,0.17192622,0.7133251,1.6605505,-0.28106302,-0.3979312,0.16881227,-0.35041082,0.5639045
152,-998.1084519999999,306000,2738.523686,-0.5680649999999999,1.4189287,0.2275709,0.7287710999999999,1.6602664,-0.21783102,-0.4025739,0.12727016,-0.45370978,0.647583
153,-1026.532688,308000,2755.9099699999997,-0.56865495,1.4460110000000002,0.23139678,0.7215855999999999,1.6677891,-0.205012,-0.3834413,0.14819300000000002,-0.4508108,0.6518371000000001
154,-987.294976,310000,2773.749521,-0.5701526,1.452278,0.24767658,0.7082636999999999,1.6602178,-0.20505096,-0.39841804,0.13341792,-0.4530566,0.6697445
155,-1023.3727140000001,312000,2791.2886940000003,-0.57553935,1.474448,0.250388,0.7078894,1.6796970000000002,-0.18159959,-0.37761918,0.15294462,-0.44915086,0.6716181999999999
156,-1006.515908,314000,2809.250154,-0.5896382,1.5185857,0.24971479999999996,0.7198331,1.7040501000000001,-0.13446781,-0.32756925,0.20518918,-0.42655859999999995,0.66687703
157,-1081.697192,316000,2826.911775,-0.5914588000000001,1.5302781,0.25079346,0.72453505,1.7050573,-0.12144671,-0.31295636,0.21912432,-0.42026687,0.6670954000000001
158,-1107.096547,318000,2844.4264980000003,-0.59159696,1.5313777,0.25046408,0.7229599,1.7039713,-0.121322945,-0.31319106,0.2186502,-0.42032036,0.6658839
159,-1028.877309,320000,2861.40267,-0.81781083,2.0232740000000002,0.062426699999999995,0.47482675,1.5766836000000002,0.3394968,-0.017057693999999998,0.43019408,-0.6426814000000001,0.5047937
160,-698.434297,322000,2879.157344,-0.895135,2.0746512,0.16211142,0.25776815,1.5950056000000001,0.48694837,0.019739583,0.46576664,-0.75684845,0.5578401
161,-981.2156679999999,324000,2896.9823760000004,-0.8437059000000001,2.0955220000000003,0.18047552,-0.06913469,1.6255868999999998,0.6612935000000001,0.020278303,0.47187984,-0.7612609,0.46303946
162,-924.420585,326000,2913.9811670000004,-0.890114,2.1790175,0.3040353,-0.13624519,1.491048,0.8554537,0.14546289,0.58637893,-0.80435383,0.5563716999999999
163,-998.4684300000001,328000,2931.533629,-0.8816924,2.0445018,0.5090244,-0.25735345,1.4944068000000001,0.9833252,0.058072865,0.53614414,-0.96611893,0.70192736
164,-1022.780063,330000,2949.5838,-0.8304204,2.0918682,0.616851,-0.28575096,1.6183049999999999,1.1272095,0.09679847,0.62063074,-0.9468646999999999,0.789482
165,-968.2432789999999,332000,2968.099678,-0.7917743,2.0462167,0.7108827,-0.24954425,1.7515863999999999,1.2279277,0.12280478,0.6628111,-0.90903234,0.8362652
166,-1059.7283380000001,334000,2987.7690039999998,-0.77544206,1.9650849999999997,0.75034475,-0.3471265,1.6694235,1.1005107,0.084262215,0.68516356,-0.86365515,0.9047731999999999
167,-949.7987519999999,336000,3006.7788579999997,-0.75982845,1.8897495,0.8093798000000001,-0.24132048,1.554283,1.0946299,0.08117104,0.6203358,-0.87785953,1.0047905000000001
168,-877.768558,338000,3025.776997,-0.9129768,1.8050951000000002,0.9444874,-0.14003256,1.5113401000000002,1.0216471,0.09518789999999999,0.6016741999999999,-0.9213792,1.1267935
169,-780.48919,340000,3045.165627,-0.95729876,1.8061426,0.99561954,-0.08807889,1.4695281,1.0370847,0.08841878,0.5768637,-0.96543324,1.1840357
170,-1048.270767,342000,3063.01093,-1.0116109,1.7848016,1.0719591,0.017849224,1.5076905,1.0536108999999998,0.1580496,0.6475665,-0.9550528,1.2739292
171,-1053.255545,344000,3080.512009,-1.111346,1.874812,1.1137161,0.013351508,1.5968483999999998,1.0486203,0.13886121,0.66190857,-1.020082,1.3158687
172,-943.570626,346000,3098.69933,-1.2117022,1.9820814999999998,1.0688822,0.027801387,1.6625273,1.1390793,0.12410647,0.67669237,-1.078778,1.3069339
173,-1023.158051,348000,3117.201993,-1.2848339,2.2251074,0.9086126,-0.01103795,1.7657658,1.1614712,0.21794413,0.73229176,-1.0313519,1.3417073
174,-901.3181519999999,350000,3136.00112,-1.3963751,2.4102876,0.85424995,0.05934581,1.8720471999999997,1.2228333,0.27382556,0.7085792,-1.065315,1.3464943
175,-1119.409243,352000,3153.5974929999998,-1.4592056,2.5622945,0.8415153000000001,0.06195635,1.9350805,1.2667118,0.3396004,0.7273738000000001,-1.0972302999999999,1.3765551999999999
176,-926.4553599999999,354000,3171.890379,-1.4814397,2.654408,0.84340316,-0.051403638,1.8640423,1.2310245000000002,0.35772917,0.7203854999999999,-1.134408,1.3915665000000002
177,-965.02476,356000,3190.375821,-1.4548273,2.7290597,0.76235217,-0.21841574,1.8336166,1.2073385,0.2327384,0.71679646,-1.1135621,1.3609221000000002
178,-812.615374,358000,3208.066975,-1.4815308999999999,2.7605739,0.6767543,-0.39061257,1.7777807,1.1793143999999998,0.16132233,0.6893283,-1.1066786,1.3621202
179,-857.611452,360000,3225.724759,-1.5454217,2.7878988,0.6449852,-0.41091785,1.7415563000000003,1.1709021000000002,0.12234389999999999,0.7084531,-1.1339316000000002,1.3698101
180,-917.46108,362000,3243.860804,-1.5300081,2.828223,0.64082015,-0.49124306,1.6361996,1.137383,0.033846945,0.75856626,-1.0595138000000002,1.3936578000000002
181,-1116.321521,364000,3264.106906,-1.5402775,2.8570766,0.62220925,-0.53795666,1.5445721000000001,1.1154197,0.07784495,0.82176197,-1.1288956,1.4027762
182,-826.340107,366000,3284.007646,-1.5448072,2.9165454,0.6434246,-0.5484573,1.4635962,1.0934823999999999,0.058000255,0.68683374,-0.9957894,1.4599678999999999
183,-990.7393380000001,368000,3304.455873,-1.573579,2.8757956,0.69727445,-0.626854,1.4073786,1.0774912,0.033633836,0.6051794,-0.9613642,1.5206333
184,-894.619189,370000,3323.689859,-1.6074386,2.86072,0.7163309,-0.7280562,1.3187782,1.0610012,-0.013528503999999998,0.45968565,-0.9037149999999999,1.5818572
185,-927.799024,372000,3342.105527,-1.6410228999999998,2.819804,0.6800396,-0.7171066999999999,1.3361896999999998,1.0659775,-0.063906915,0.54732203,-0.9561245999999999,1.5563323
186,-1044.2056599999999,374000,3359.848162,-1.676957,2.8283381000000003,0.68120986,-0.65714777,1.3384258,1.1045129999999999,-0.055984408,0.5622873,-1.0407600000000001,1.5708171999999998
187,-951.983986,376000,3378.5971240000003,-1.7054832999999998,2.70166,0.7400225,-0.54290646,1.3736991000000003,1.1352406000000002,-0.12726274,0.6955939,-1.0842121999999998,1.5469386999999999
188,-853.8659759999999,378000,3396.5196539999997,-1.7100438000000002,2.6772616,0.71215796,-0.49931154,1.4253485000000001,1.0915278999999998,-0.10806125400000001,0.7495045,-1.0331177,1.5409198
189,-937.896558,380000,3414.2824259999998,-1.7018001,2.5732296000000003,0.6470562,-0.45747003,1.4934287,1.0963857,-0.12844658,0.7921286,-1.0002519,1.4936186000000002
190,-922.744864,382000,3432.486592,-1.7250776999999997,2.4391646000000002,0.5790951999999999,-0.40268505,1.5493088,1.047477,-0.1185911,0.86128736,-1.0022532,1.4476234
191,-979.160689,384000,3452.2439689999997,-1.7507521000000001,2.303741,0.57701916,-0.2156009,1.5661416000000001,1.0418996999999999,-0.11817159,0.8981375,-1.0060127,1.4783916000000001
192,-908.321083,386000,3469.497204,-1.9011262999999998,2.204548,0.5808935000000001,-0.14510036,1.6168023,1.0254785,-0.13415626,0.9199508,-1.1509315,1.4485788
193,-789.577076,388000,3486.601979,-1.941646,2.198956,0.5742897,-0.15398134,1.6471460999999998,1.0886699,-0.15726389999999998,0.87988126,-1.1778892,1.4643138999999998
194,-836.901415,390000,3504.2194950000003,-1.9626936999999998,2.2515628,0.54865474,-0.15332963,1.6467022,1.1086391000000002,-0.15863176,0.8635776,-1.1660261,1.4676796
195,-903.338524,392000,3521.4153890000002,-1.9829488999999998,2.3477867000000003,0.52190304,-0.07700576,1.6434008000000002,1.1862451,-0.16068769,0.7897099,-1.193738,1.5178232
196,-830.9077440000001,394000,3539.936479,-1.9437828000000001,2.3277142000000004,0.63624334,-0.19856612,1.6579403000000001,1.2960516000000002,-0.05347079,0.6107581999999999,-1.1242882,1.6251008999999998
197,-886.093893,396000,3556.6081200000003,-1.9160362000000002,2.3204231,0.66706467,-0.24096957,1.7190496,1.339745,-0.032977827,0.57163846,-1.1015656999999999,1.6411718999999998
198,-731.4066429999999,398000,3574.501743,-1.9160247,2.3207214,0.66707397,-0.24093464,1.7190521,1.3397839,-0.03305937,0.571634,-1.1015548000000002,1.6411916000000002
199,-994.5060460000001,400000,3592.198107,-1.9161673,2.321596,0.66659313,-0.23770033,1.7187568,1.3438488000000002,-0.01898627,0.57133037,-1.1018014999999999,1.644207
200,-923.43431,402000,3609.8148380000002,-1.8130673,2.1356452,0.7834049,-0.3072623,1.7697846999999998,1.3020091999999999,-0.07394372,0.54777485,-1.0158305,1.6165935
201,-931.0562480000001,404000,3626.7956649999996,-1.7984122,2.146184,0.7897898,-0.29743165,1.7673014,1.3017886,-0.078038916,0.55792177,-1.0063493000000001,1.6077723999999998
202,-1087.356785,406000,3645.0894270000003,-1.8003725,2.1459694,0.7868438,-0.2966277,1.8044871999999998,1.3007537,-0.0718193,0.55690664,-1.0086017,1.6063008
203,-278.145417,408000,3662.503232,-1.7987241999999999,2.1127362,0.79137623,-0.27862275,1.7740006000000001,1.2905896000000001,-0.09867287,0.55657786,-1.0084634,1.5999146999999998
204,-1499.421605,410000,3683.886494,-1.7984218999999997,2.1144662,0.79385906,-0.28402784,1.7747317999999999,1.290964,-0.104263395,0.5569619,-1.0074798,1.5995313
205,-961.9075640000001,412000,3702.8057710000003,-1.7984275,2.1144512000000004,0.7940169,-0.28415757,1.7749703999999997,1.2910137,-0.10424341,0.55697066,-1.0074642,1.5996
206,-1027.943108,414000,3721.072307,-1.7984275,2.1144512000000004,0.7940169,-0.28415757,1.7749703999999997,1.2910137,-0.10424341,0.55697066,-1.0074642,1.5996
207,-851.0640589999999,416000,3738.7647549999997,-1.8142726000000002,2.1243442999999997,0.8050560999999999,-0.29285756,1.7834089,1.3017155,-0.08226359,0.56901354,-1.0116622,1.6123595
208,-918.511606,418000,3757.4050899999997,-1.8131258000000001,2.1242337000000004,0.806104,-0.29308563,1.7840875,1.3022120000000001,-0.08163725,0.5697266,-1.0110434000000001,1.6135732
209,-854.584801,420000,3775.0710689999996,-1.8129138999999999,2.1245236000000003,0.80622584,-0.29296327,1.7843586999999999,1.3024864,-0.08159562,0.5697418000000001,-1.011005,1.6140711
210,-930.4201869999999,422000,3792.008844,-1.8127337,2.1246297000000003,0.8065169,-0.29292902,1.7846395,1.3027341000000001,-0.08147917,0.569868,-1.0108885,1.6145015
211,-903.158426,424000,3808.9560490000003,-1.8127029,2.1246327999999997,0.80661994,-0.2929372,1.7847238,1.3027991,-0.08144754,0.56956863,-1.0108564,1.6146114
212,-979.16662,426000,3825.8762549999997,-1.8127029,2.1246327999999997,0.80661994,-0.2929372,1.7847238,1.3027991,-0.08144754,0.56956863,-1.0108564,1.6146114
213,-908.1995949999999,428000,3843.117922,-1.8127029,2.1246327999999997,0.80661994,-0.2929372,1.7847238,1.3027991,-0.08144754,0.56956863,-1.0108564,1.6146114
214,-938.725939,430000,3861.038968,-1.8127029,2.1246327999999997,0.80661994,-0.2929372,1.7847238,1.3027991,-0.08144754,0.56956863,-1.0108564,1.6146114
215,-903.718573,432000,3882.210526,-1.8127029,2.1246327999999997,0.80661994,-0.2929372,1.7847238,1.3027991,-0.08144754,0.56956863,-1.0108564,1.6146114
216,-895.617259,434000,3899.9807520000004,-1.8127029,2.1246327999999997,0.80661994,-0.2929372,1.7847238,1.3027991,-0.08144754,0.56956863,-1.0108564,1.6146114
217,-820.9552719999999,436000,3917.832864,-1.7808006,2.0239964,0.8273040999999999,-0.29086527,1.7830491000000002,1.2855444999999999,-0.12277103,0.46961212,-0.8991469000000001,1.5944133
218,-936.0686380000001,438000,3935.997297,-1.7513181,2.0350802,0.85380054,-0.2907653,1.8079935,1.308216,-0.12824513,0.42570958,-0.9377101000000001,1.6188681
219,-823.271567,440000,3953.087625,-1.7439288,2.0394099,0.8594989,-0.2884483,1.8135468999999997,1.3140379,-0.12219234,0.42085159999999994,-0.9481674999999999,1.6251915000000001
220,-893.0633949999999,442000,3970.392872,-1.7229856,2.0557241000000004,0.8735994,-0.2572814,1.8382578,1.3394113,-0.105637126,0.39719728,-0.97317296,1.6521598999999998
221,-906.2894269999999,444000,3988.14513,-1.7114816000000002,2.0649095,0.873074,-0.21985509,1.8400796999999998,1.3417122,-0.09770664,0.38450506,-0.98580086,1.6560304
222,-906.739224,446000,4005.602718,-1.7115798999999998,2.0648096000000002,0.87295616,-0.21988142,1.8399769,1.3416106,-0.09781317,0.38460568,-0.9856699000000001,1.6559241999999998
223,-827.483877,448000,4022.905191,-1.7115798999999998,2.0648096000000002,0.87295616,-0.21988142,1.8399769,1.3416106,-0.09781317,0.38460568,-0.9856699000000001,1.6559241999999998
224,-845.0495980000001,450000,4040.5735950000003,-1.7118944999999999,2.0644588,0.8724588,-0.22001915,1.8394518,1.3410858,-0.09817081,0.38508590000000004,-0.98497283,1.6553591
225,-806.434841,452000,4059.7827420000003,-1.7119901999999998,2.0643404,0.8724133,-0.22007202,1.8389144,1.3405412,-0.09828705,0.3856362,-0.98459035,1.6548052
226,-604.710652,454000,4077.722634,-1.7158781000000003,2.0594726000000003,0.8661796,-0.2207866,1.8305381999999997,1.3323462,-0.10307585400000001,0.39292467,-0.9753754000000001,1.646956
227,-832.9989400000001,456000,4095.3609380000003,-1.7158875,2.0594573,0.8661396,-0.22078626,1.8304764,1.3322862,-0.10309093,0.39296013,-0.9753028,1.6469039
228,-748.310874,458000,4113.243753,-1.7158875,2.0594573,0.8661396,-0.22078626,1.8304764,1.3322862,-0.10309093,0.39296013,-0.9753028,1.6469039
229,-732.1953599999999,460000,4131.318193,-1.7335553,2.043919,0.8427241,-0.23832306,1.8119889999999998,1.3152641999999999,-0.114335954,0.41000172,-0.9562073,1.6280161
230,-791.584151,462000,4148.977582,-1.7335553,2.043919,0.8427241,-0.23832306,1.8119889999999998,1.3152641999999999,-0.114335954,0.41000172,-0.9562073,1.6280161
231,-766.404314,464000,4166.49724,-1.7335553,2.043919,0.8427241,-0.23832306,1.8119889999999998,1.3152641999999999,-0.114335954,0.41000172,-0.9562073,1.6280161
232,-804.6034070000001,466000,4183.939944,-1.7335553,2.043919,0.8427241,-0.23832306,1.8119889999999998,1.3152641999999999,-0.114335954,0.41000172,-0.9562073,1.6280161
233,-836.588655,468000,4201.702609,-1.7335553,2.043919,0.8427241,-0.23832306,1.8119889999999998,1.3152641999999999,-0.114335954,0.41000172,-0.9562073,1.6280161
234,-564.681948,470000,4219.161794,-1.7335553,2.043919,0.8427241,-0.23832306,1.8119889999999998,1.3152641999999999,-0.114335954,0.41000172,-0.9562073,1.6280161
235,-714.70475,472000,4236.247826,-1.7335553,2.043919,0.8427241,-0.23832306,1.8119889999999998,1.3152641999999999,-0.114335954,0.41000172,-0.9562073,1.6280161
236,-876.546119,474000,4254.181431,-1.7335553,2.043919,0.8427241,-0.23832306,1.8119889999999998,1.3152641999999999,-0.114335954,0.41000172,-0.9562073,1.6280161
237,-940.2860699999999,476000,4271.842013,-1.7335553,2.043919,0.8427241,-0.23832306,1.8119889999999998,1.3152641999999999,-0.114335954,0.41000172,-0.9562073,1.6280161
238,-732.041195,478000,4288.606675999999,-1.7335553,2.043919,0.8427241,-0.23832306,1.8119889999999998,1.3152641999999999,-0.114335954,0.41000172,-0.9562073,1.6280161
239,-868.9334140000001,480000,4305.931718,-1.7335553,2.043919,0.8427241,-0.23832306,1.8119889999999998,1.3152641999999999,-0.114335954,0.41000172,-0.9562073,1.6280161
240,-823.23587,482000,4324.730077,-1.7335553,2.043919,0.8427241,-0.23832306,1.8119889999999998,1.3152641999999999,-0.114335954,0.41000172,-0.9562073,1.6280161
241,-831.400805,484000,4343.211485,-1.7335553,2.043919,0.8427241,-0.23832306,1.8119889999999998,1.3152641999999999,-0.114335954,0.41000172,-0.9562073,1.6280161
242,-860.4718349999999,486000,4360.806768,-1.7335553,2.043919,0.8427241,-0.23832306,1.8119889999999998,1.3152641999999999,-0.114335954,0.41000172,-0.9562073,1.6280161
243,-681.432538,488000,4377.97614,-1.7335553,2.043919,0.8427241,-0.23832306,1.8119889999999998,1.3152641999999999,-0.114335954,0.41000172,-0.9562073,1.6280161
244,-777.960828,490000,4395.476688000001,-1.7335553,2.043919,0.8427241,-0.23832306,1.8119889999999998,1.3152641999999999,-0.114335954,0.41000172,-0.9562073,1.6280161
245,-558.068225,492000,4412.265457,-1.7335553,2.043919,0.8427241,-0.23832306,1.8119889999999998,1.3152641999999999,-0.114335954,0.41000172,-0.9562073,1.6280161
246,-588.905924,494000,4429.338892,-1.7335553,2.043919,0.8427241,-0.23832306,1.8119889999999998,1.3152641999999999,-0.114335954,0.41000172,-0.9562073,1.6280161
247,-578.450384,496000,4447.149662,-1.7335553,2.043919,0.8427241,-0.23832306,1.8119889999999998,1.3152641999999999,-0.114335954,0.41000172,-0.9562073,1.6280161
248,-764.638092,498000,4466.428411,-1.7335553,2.043919,0.8427241,-0.23832306,1.8119889999999998,1.3152641999999999,-0.114335954,0.41000172,-0.9562073,1.6280161
249,-765.76638,500000,4484.727354,-1.7335553,2.043919,0.8427241,-0.23832306,1.8119889999999998,1.3152641999999999,-0.114335954,0.41000172,-0.9562073,1.6280161
250,-770.596995,502000,4502.46203,-1.7335553,2.043919,0.8427241,-0.23832306,1.8119889999999998,1.3152641999999999,-0.114335954,0.41000172,-0.9562073,1.6280161
251,-860.5835470000001,504000,4520.526369,-1.7335553,2.043919,0.8427241,-0.23832306,1.8119889999999998,1.3152641999999999,-0.114335954,0.41000172,-0.9562073,1.6280161
252,-1643.31721,506000,4538.266428,-1.6726217,1.9378748,0.8990338999999999,-0.17176233,1.8317676,1.2994492,-0.16640264,0.5691261,-0.9983743,1.699427
253,-239.275966,508000,4557.289317,-1.6971585999999999,1.9566735,0.9189409,-0.1662926,1.8764558999999998,1.3092979,-0.16281612,0.54601413,-1.018512,1.6786971000000002
254,-361.219675,510000,4577.8588740000005,-1.6951764,1.964234,0.918335,-0.16374968,1.875305,1.310189,-0.16986695,0.5466988,-1.0264843000000001,1.6807355
255,-395.023013,512000,4597.245497999999,-1.6902811999999998,1.9679296000000002,0.9174376000000001,-0.16019283,1.8673334,1.3053342,-0.1835869,0.5481239,-1.0331953,1.6851058999999997
256,-371.68632599999995,514000,4616.573763,-1.6843669999999997,1.9704549,0.918849,-0.15668808,1.8663143,1.3043946000000002,-0.19267638,0.54925096,-1.0396622,1.6896613999999999
257,-405.090566,516000,4635.4400829999995,-1.6843669999999997,1.9704549,0.918849,-0.15668808,1.8663143,1.3043946000000002,-0.19267638,0.54925096,-1.0396622,1.6896613999999999
258,-307.12178,518000,4653.576945000001,-1.6843669999999997,1.9704549,0.918849,-0.15668808,1.8663143,1.3043946000000002,-0.19267638,0.54925096,-1.0396622,1.6896613999999999
259,-731.194022,520000,4670.970395,-1.6843669999999997,1.9704549,0.918849,-0.15668808,1.8663143,1.3043946000000002,-0.19267638,0.54925096,-1.0396622,1.6896613999999999
260,-819.760143,522000,4690.696865,-1.6843669999999997,1.9704549,0.918849,-0.15668808,1.8663143,1.3043946000000002,-0.19267638,0.54925096,-1.0396622,1.6896613999999999
261,-839.450878,524000,4711.547209,-1.6843669999999997,1.9704549,0.918849,-0.15668808,1.8663143,1.3043946000000002,-0.19267638,0.54925096,-1.0396622,1.6896613999999999
262,-836.2287610000001,526000,4730.653270000001,-1.6843669999999997,1.9704549,0.918849,-0.15668808,1.8663143,1.3043946000000002,-0.19267638,0.54925096,-1.0396622,1.6896613999999999
263,-779.704655,528000,4748.930797999999,-1.6843669999999997,1.9704549,0.918849,-0.15668808,1.8663143,1.3043946000000002,-0.19267638,0.54925096,-1.0396622,1.6896613999999999
264,-235.56591400000002,530000,4769.208487,-1.6843669999999997,1.9704549,0.918849,-0.15668808,1.8663143,1.3043946000000002,-0.19267638,0.54925096,-1.0396622,1.6896613999999999
265,-801.417599,532000,4791.696819,-1.6843669999999997,1.9704549,0.918849,-0.15668808,1.8663143,1.3043946000000002,-0.19267638,0.54925096,-1.0396622,1.6896613999999999
266,-782.581358,534000,4810.813658,-1.6843669999999997,1.9704549,0.9188478000000001,-0.15668876,1.8663086,1.3043898,-0.19267628,0.5492513000000001,-1.039643,1.6896613999999999
267,-367.473925,536000,4830.025118,-1.6843669999999997,1.9704549,0.9188478000000001,-0.15668876,1.8663086,1.3043898,-0.19267628,0.5492513000000001,-1.039643,1.6896613999999999
268,-745.199116,538000,4848.046435,-1.6843669999999997,1.9704549,0.9188478000000001,-0.15668876,1.8663086,1.3043898,-0.19267628,0.5492513000000001,-1.039643,1.6896613999999999
269,-333.13428500000003,540000,4870.009752,-1.6843669999999997,1.9704549,0.9188478000000001,-0.15668876,1.8663086,1.3043898,-0.19267628,0.5492513000000001,-1.039643,1.6896613999999999
270,-378.313598,542000,4889.110283,-1.6843669999999997,1.9704549,0.9188478000000001,-0.15668876,1.8663086,1.3043898,-0.19267628,0.5492513000000001,-1.039643,1.6896613999999999
271,-326.038727,544000,4908.173172,-1.6843669999999997,1.9704549,0.9188478000000001,-0.15668876,1.8663086,1.3043898,-0.19267628,0.5492513000000001,-1.039643,1.6896613999999999
272,-330.300616,546000,4925.39156,-1.6843703999999997,1.9704669999999997,0.9188165999999999,-0.15671778,1.8660116000000002,1.304068,-0.19301108,0.54927605,-1.0387870000000001,1.6894752
273,-478.263963,548000,4943.938054,-1.6843703999999997,1.9704669999999997,0.9188165999999999,-0.15671778,1.8660116000000002,1.304068,-0.19301108,0.54927605,-1.0387870000000001,1.6894752
274,-331.473139,550000,4962.997399,-1.6843703999999997,1.9704669999999997,0.9188165999999999,-0.15671778,1.8660116000000002,1.304068,-0.19301108,0.54927605,-1.0387870000000001,1.6894752
275,-302.94933599999996,552000,4981.731876,-1.6843703999999997,1.9704669999999997,0.9188165999999999,-0.15671778,1.8660116000000002,1.304068,-0.19301108,0.54927605,-1.0387870000000001,1.6894752
276,-285.353698,554000,5001.290239,-1.6843703999999997,1.9704669999999997,0.9188165999999999,-0.15671778,1.8660116000000002,1.304068,-0.19301108,0.54927605,-1.0387870000000001,1.6894752
277,-608.4227549999999,556000,5021.984063,-1.6843703999999997,1.9704669999999997,0.9188165999999999,-0.15671778,1.8660116000000002,1.304068,-0.19301108,0.54927605,-1.0387870000000001,1.6894752
278,-341.434942,558000,5042.352057,-1.6843703999999997,1.9704669999999997,0.9188165999999999,-0.15671778,1.8660116000000002,1.304068,-0.19301108,0.54927605,-1.0387870000000001,1.6894752
279,-260.223462,560000,5063.450398,-1.6843703999999997,1.9704669999999997,0.9188165999999999,-0.15671778,1.8660116000000002,1.304068,-0.19301108,0.54927605,-1.0387870000000001,1.6894752
280,-370.144182,562000,5091.032306,-1.6843703999999997,1.9704669999999997,0.9188165999999999,-0.15671778,1.8660116000000002,1.304068,-0.19301108,0.54927605,-1.0387870000000001,1.6894752
281,-337.938251,564000,5111.177640999999,-1.6843703999999997,1.9704669999999997,0.9188165999999999,-0.15671778,1.8660116000000002,1.304068,-0.19301108,0.54927605,-1.0387870000000001,1.6894752
282,-347.666061,566000,5132.718812,-1.6843703999999997,1.9704669999999997,0.9188165999999999,-0.15671778,1.8660116000000002,1.304068,-0.19301108,0.54927605,-1.0387870000000001,1.6894752
283,-373.573514,568000,5153.302823,-1.6843703999999997,1.9704669999999997,0.9188165999999999,-0.15671778,1.8660116000000002,1.304068,-0.19301108,0.54927605,-1.0387870000000001,1.6894752
284,-341.128841,570000,5170.9407,-1.6843703999999997,1.9704669999999997,0.9188165999999999,-0.15671778,1.8660116000000002,1.304068,-0.19301108,0.54927605,-1.0387870000000001,1.6894752
285,-1643.1129460000002,572000,5189.728537,-1.6843703999999997,1.9704669999999997,0.9188165999999999,-0.15671778,1.8660116000000002,1.304068,-0.19301108,0.54927605,-1.0387870000000001,1.6894752
286,-373.31039300000003,574000,5210.544972,-1.6843703999999997,1.9704669999999997,0.9188165999999999,-0.15671778,1.8660116000000002,1.304068,-0.19301108,0.54927605,-1.0387870000000001,1.6894752
287,-357.36721,576000,5230.678893,-1.6843703999999997,1.9704669999999997,0.9188165999999999,-0.15671778,1.8660116000000002,1.304068,-0.19301108,0.54927605,-1.0387870000000001,1.6894752
288,-324.278773,578000,5251.064697,-1.6843703999999997,1.9704669999999997,0.9188165999999999,-0.15671778,1.8660116000000002,1.304068,-0.19301108,0.54927605,-1.0387870000000001,1.6894752
289,-358.035646,580000,5270.500841,-1.6843703999999997,1.9704669999999997,0.9188165999999999,-0.15671778,1.8660116000000002,1.304068,-0.19301108,0.54927605,-1.0387870000000001,1.6894752
290,-337.898807,582000,5288.8481090000005,-1.6843703999999997,1.9704669999999997,0.9188165999999999,-0.15671778,1.8660116000000002,1.304068,-0.19301108,0.54927605,-1.0387870000000001,1.6894752
291,-1452.810826,584000,5306.990341,-1.6843703999999997,1.9704669999999997,0.9188165999999999,-0.15671778,1.8660116000000002,1.304068,-0.19301108,0.54927605,-1.0387870000000001,1.6894752
292,-398.785602,586000,5328.384900999999,-1.6843703999999997,1.9704669999999997,0.9188165999999999,-0.15671778,1.8660116000000002,1.304068,-0.19301108,0.54927605,-1.0387870000000001,1.6894752
293,-366.40571800000004,588000,5348.453041,-1.6843703999999997,1.9704669999999997,0.9188165999999999,-0.15671778,1.8660116000000002,1.304068,-0.19301108,0.54927605,-1.0387870000000001,1.6894752
294,-337.810469,590000,5370.193994,-1.6843703999999997,1.9704669999999997,0.9188165999999999,-0.15671778,1.8660116000000002,1.304068,-0.19301108,0.54927605,-1.0387870000000001,1.6894752
295,-328.988566,592000,5392.040769,-1.6843703999999997,1.9704669999999997,0.9188165999999999,-0.15671778,1.8660116000000002,1.304068,-0.19301108,0.54927605,-1.0387870000000001,1.6894752
296,-371.38460499999997,594000,5411.1140270000005,-1.6843703999999997,1.9704669999999997,0.9188165999999999,-0.15671778,1.8660116000000002,1.304068,-0.19301108,0.54927605,-1.0387870000000001,1.6894752
297,-340.444211,596000,5431.405034,-1.6843703999999997,1.9704669999999997,0.9188165999999999,-0.15671778,1.8660116000000002,1.304068,-0.19301108,0.54927605,-1.0387870000000001,1.6894752
298,-385.17481200000003,598000,5451.6238490000005,-1.6843703999999997,1.9704669999999997,0.9188165999999999,-0.15671778,1.8660116000000002,1.304068,-0.19301108,0.54927605,-1.0387870000000001,1.6894752
299,-463.06986399999994,600000,5469.412018999999,-1.6843703999999997,1.9704669999999997,0.9188165999999999,-0.15671778,1.8660116000000002,1.304068,-0.19301108,0.54927605,-1.0387870000000001,1.6894752
300,-395.08404,602000,5488.670969,-1.6843703999999997,1.9704669999999997,0.9188165999999999,-0.15671778,1.8660116000000002,1.304068,-0.19301108,0.54927605,-1.0387870000000001,1.6894752
301,-364.55733599999996,604000,5507.66004,-1.6843703999999997,1.9704669999999997,0.9188165999999999,-0.15671778,1.8660116000000002,1.304068,-0.19301108,0.54927605,-1.0387870000000001,1.6894752
302,-369.41972799999996,606000,5526.120387,-1.6843703999999997,1.9704669999999997,0.9188165999999999,-0.15671778,1.8660116000000002,1.304068,-0.19301108,0.54927605,-1.0387870000000001,1.6894752
303,-341.941841,608000,5546.631771,-1.6843703999999997,1.9704669999999997,0.9188165999999999,-0.15671778,1.8660116000000002,1.304068,-0.19301108,0.54927605,-1.0387870000000001,1.6894752
304,-341.502162,610000,5566.738707,-1.6843703999999997,1.9704669999999997,0.9188165999999999,-0.15671778,1.8660116000000002,1.304068,-0.19301108,0.54927605,-1.0387870000000001,1.6894752
305,-581.604334,612000,5587.379937,-1.6843703999999997,1.9704669999999997,0.9188165999999999,-0.15671778,1.8660116000000002,1.304068,-0.19301108,0.54927605,-1.0387870000000001,1.6894752
306,-425.73251600000003,614000,5604.895659000001,-1.6843703999999997,1.9704669999999997,0.9188165999999999,-0.15671778,1.8660116000000002,1.304068,-0.19301108,0.54927605,-1.0387870000000001,1.6894752
307,-394.612394,616000,5623.1935490000005,-1.6843703999999997,1.9704669999999997,0.9188165999999999,-0.15671778,1.8660116000000002,1.304068,-0.19301108,0.54927605,-1.0387870000000001,1.6894752
308,-434.585528,618000,5641.373589,-1.6843703999999997,1.9704669999999997,0.9188165999999999,-0.15671778,1.8660116000000002,1.304068,-0.19301108,0.54927605,-1.0387870000000001,1.6894752
309,-407.54438500000003,620000,5662.261839,-1.6843703999999997,1.9704669999999997,0.9188165999999999,-0.15671778,1.8660116000000002,1.304068,-0.19301108,0.54927605,-1.0387870000000001,1.6894752
310,-460.44381100000004,622000,5685.101711,-1.6843703999999997,1.9704669999999997,0.9188165999999999,-0.15671778,1.8660116000000002,1.304068,-0.19301108,0.54927605,-1.0387870000000001,1.6894752
311,-347.463438,624000,5703.290226,-1.6843703999999997,1.9704669999999997,0.9188165999999999,-0.15671778,1.8660116000000002,1.304068,-0.19301108,0.54927605,-1.0387870000000001,1.6894752
312,-456.63843499999996,626000,5723.070315,-1.6843703999999997,1.9704669999999997,0.9188165999999999,-0.15671778,1.8660116000000002,1.304068,-0.19301108,0.54927605,-1.0387870000000001,1.6894752
313,-357.470884,628000,5743.382789,-1.6843703999999997,1.9704669999999997,0.9188165999999999,-0.15671778,1.8660116000000002,1.304068,-0.19301108,0.54927605,-1.0387870000000001,1.6894752
314,-324.776839,630000,5762.421682,-1.6843703999999997,1.9704669999999997,0.9188165999999999,-0.15671778,1.8660116000000002,1.304068,-0.19301108,0.54927605,-1.0387870000000001,1.6894752
315,-339.765352,632000,5782.279422,-1.6843703999999997,1.9704669999999997,0.9188165999999999,-0.15671778,1.8660116000000002,1.304068,-0.19301108,0.54927605,-1.0387870000000001,1.6894752
316,-377.007847,634000,5801.376386999999,-1.6843703999999997,1.9704669999999997,0.9188165999999999,-0.15671778,1.8660116000000002,1.304068,-0.19301108,0.54927605,-1.0387870000000001,1.6894752
317,-356.963097,636000,5819.3949649999995,-1.6843703999999997,1.9704669999999997,0.9188165999999999,-0.15671778,1.8660116000000002,1.304068,-0.19301108,0.54927605,-1.0387870000000001,1.6894752
318,-340.671572,638000,5838.654449000001,-1.6843703999999997,1.9704669999999997,0.9188165999999999,-0.15671778,1.8660116000000002,1.304068,-0.19301108,0.54927605,-1.0387870000000001,1.6894752
319,-363.199904,640000,5857.935596,-1.6843703999999997,1.9704669999999997,0.9188165999999999,-0.15671778,1.8660116000000002,1.304068,-0.19301108,0.54927605,-1.0387870000000001,1.6894752
320,-392.399597,642000,5878.1375450000005,-1.6843703999999997,1.9704669999999997,0.9188165999999999,-0.15671778,1.8660116000000002,1.304068,-0.19301108,0.54927605,-1.0387870000000001,1.6894752
321,-318.051393,644000,5898.349631,-1.6843703999999997,1.9704669999999997,0.9188165999999999,-0.15671778,1.8660116000000002,1.304068,-0.19301108,0.54927605,-1.0387870000000001,1.6894752
322,-343.577462,646000,5916.0173780000005,-1.6843703999999997,1.9704669999999997,0.9188165999999999,-0.15671778,1.8660116000000002,1.304068,-0.19301108,0.54927605,-1.0387870000000001,1.6894752
323,-347.999977,648000,5936.804604999999,-1.6843703999999997,1.9704669999999997,0.9188165999999999,-0.15671778,1.8660116000000002,1.304068,-0.19301108,0.54927605,-1.0387870000000001,1.6894752
324,-362.729989,650000,5955.807073,-1.6843703999999997,1.9704669999999997,0.9188165999999999,-0.15671778,1.8660116000000002,1.304068,-0.19301108,0.54927605,-1.0387870000000001,1.6894752
325,-306.73949300000004,652000,5975.080601,-1.6843703999999997,1.9704669999999997,0.9188165999999999,-0.15671778,1.8660116000000002,1.304068,-0.19301108,0.54927605,-1.0387870000000001,1.6894752
326,-330.115971,654000,5993.002379,-1.6843703999999997,1.9704669999999997,0.9188165999999999,-0.15671778,1.8660116000000002,1.304068,-0.19301108,0.54927605,-1.0387870000000001,1.6894752
327,-294.493714,656000,6012.530173,-1.6843703999999997,1.9704669999999997,0.9188165999999999,-0.15671778,1.8660116000000002,1.304068,-0.19301108,0.54927605,-1.0387870000000001,1.6894752
328,-346.711068,658000,6031.729458,-1.6843703999999997,1.9704669999999997,0.9188165999999999,-0.15671778,1.8660116000000002,1.304068,-0.19301108,0.54927605,-1.0387870000000001,1.6894752
329,-328.415938,660000,6050.635902,-1.6843703999999997,1.9704669999999997,0.9188165999999999,-0.15671778,1.8660116000000002,1.304068,-0.19301108,0.54927605,-1.0387870000000001,1.6894752
330,-290.520926,662000,6071.419725,-1.6843703999999997,1.9704669999999997,0.9188165999999999,-0.15671778,1.8660116000000002,1.304068,-0.19301108,0.54927605,-1.0387870000000001,1.6894752
331,-317.74884199999997,664000,6091.828568999999,-1.6843703999999997,1.9704669999999997,0.9188165999999999,-0.15671778,1.8660116000000002,1.304068,-0.19301108,0.54927605,-1.0387870000000001,1.6894752
332,-355.298206,666000,6110.988829,-1.6843703999999997,1.9704669999999997,0.9188165999999999,-0.15671778,1.8660116000000002,1.304068,-0.19301108,0.54927605,-1.0387870000000001,1.6894752
333,-378.371387,668000,6130.146624,-1.6843703999999997,1.9704669999999997,0.9188165999999999,-0.15671778,1.8660116000000002,1.304068,-0.19301108,0.54927605,-1.0387870000000001,1.6894752
334,-394.237401,670000,6151.110432,-1.6843703999999997,1.9704669999999997,0.9188165999999999,-0.15671778,1.8660116000000002,1.304068,-0.19301108,0.54927605,-1.0387870000000001,1.6894752
335,-356.288621,672000,6171.391044,-1.6843703999999997,1.9704669999999997,0.9188165999999999,-0.15671778,1.8660116000000002,1.304068,-0.19301108,0.54927605,-1.0387870000000001,1.6894752
336,-407.296379,674000,6191.681271,-1.6843703999999997,1.9704669999999997,0.9188165999999999,-0.15671778,1.8660116000000002,1.304068,-0.19301108,0.54927605,-1.0387870000000001,1.6894752
337,-408.604628,676000,6212.378941,-1.6843703999999997,1.9704669999999997,0.9188165999999999,-0.15671778,1.8660116000000002,1.304068,-0.19301108,0.54927605,-1.0387870000000001,1.6894752
338,-323.30985699999997,678000,6233.946896,-1.6843703999999997,1.9704669999999997,0.9188165999999999,-0.15671778,1.8660116000000002,1.304068,-0.19301108,0.54927605,-1.0387870000000001,1.6894752
339,-307.172258,680000,6254.414279,-1.6843703999999997,1.9704669999999997,0.9188165999999999,-0.15671778,1.8660116000000002,1.304068,-0.19301108,0.54927605,-1.0387870000000001,1.6894752
340,-346.032873,682000,6279.399263,-1.6843703999999997,1.9704669999999997,0.9188165999999999,-0.15671778,1.8660116000000002,1.304068,-0.19301108,0.54927605,-1.0387870000000001,1.6894752
341,-318.631954,684000,6299.681315999999,-1.6843703999999997,1.9704669999999997,0.9188165999999999,-0.15671778,1.8660116000000002,1.304068,-0.19301108,0.54927605,-1.0387870000000001,1.6894752
342,-320.846342,686000,6318.50921,-1.6843703999999997,1.9704669999999997,0.9188165999999999,-0.15671778,1.8660116000000002,1.304068,-0.19301108,0.54927605,-1.0387870000000001,1.6894752
343,-349.340202,688000,6338.18616,-1.6843703999999997,1.9704669999999997,0.9188165999999999,-0.15671778,1.8660116000000002,1.304068,-0.19301108,0.54927605,-1.0387870000000001,1.6894752
344,-341.269039,690000,6357.377355,-1.6843703999999997,1.9704669999999997,0.9188165999999999,-0.15671778,1.8660116000000002,1.304068,-0.19301108,0.54927605,-1.0387870000000001,1.6894752
345,-342.960402,692000,6378.117662,-1.6843703999999997,1.9704669999999997,0.9188165999999999,-0.15671778,1.8660116000000002,1.304068,-0.19301108,0.54927605,-1.0387870000000001,1.6894752
346,-354.97828599999997,694000,6399.706672,-1.6843703999999997,1.9704669999999997,0.9188165999999999,-0.15671778,1.8660116000000002,1.304068,-0.19301108,0.54927605,-1.0387870000000001,1.6894752
347,-308.229852,696000,6419.991198,-1.6843703999999997,1.9704669999999997,0.9188165999999999,-0.15671778,1.8660116000000002,1.304068,-0.19301108,0.54927605,-1.0387870000000001,1.6894752
348,-317.82502200000005,698000,6439.878984,-1.6843703999999997,1.9704669999999997,0.9188165999999999,-0.15671778,1.8660116000000002,1.304068,-0.19301108,0.54927605,-1.0387870000000001,1.6894752
349,-331.850549,700000,6460.632587,-1.6843703999999997,1.9704669999999997,0.9188165999999999,-0.15671778,1.8660116000000002,1.304068,-0.19301108,0.54927605,-1.0387870000000001,1.6894752
350,-303.58326800000003,702000,6478.789070000001,-1.6843703999999997,1.9704669999999997,0.9188165999999999,-0.15671778,1.8660116000000002,1.304068,-0.19301108,0.54927605,-1.0387870000000001,1.6894752
351,-302.656903,704000,6495.38819,-1.6843703999999997,1.9704669999999997,0.9188165999999999,-0.15671778,1.8660116000000002,1.304068,-0.19301108,0.54927605,-1.0387870000000001,1.6894752
352,-316.41763100000003,706000,6513.697319,-1.6843703999999997,1.9704669999999997,0.9188165999999999,-0.15671778,1.8660116000000002,1.304068,-0.19301108,0.54927605,-1.0387870000000001,1.6894752
353,-326.402605,708000,6532.486451,-1.6843703999999997,1.9704669999999997,0.9188165999999999,-0.15671778,1.8660116000000002,1.304068,-0.19301108,0.54927605,-1.0387870000000001,1.6894752
354,-356.87645499999996,710000,6549.790517,-1.6843703999999997,1.9704669999999997,0.9188165999999999,-0.15671778,1.8660116000000002,1.304068,-0.19301108,0.54927605,-1.0387870000000001,1.6894752
355,-292.154211,712000,6569.9563259999995,-1.6843703999999997,1.9704669999999997,0.9188165999999999,-0.15671778,1.8660116000000002,1.304068,-0.19301108,0.54927605,-1.0387870000000001,1.6894752
356,-305.778389,714000,6591.141157,-1.6843703999999997,1.9704669999999997,0.9188165999999999,-0.15671778,1.8660116000000002,1.304068,-0.19301108,0.54927605,-1.0387870000000001,1.6894752
357,-311.258529,716000,6611.560662,-1.6843703999999997,1.9704669999999997,0.9188165999999999,-0.15671778,1.8660116000000002,1.304068,-0.19301108,0.54927605,-1.0387870000000001,1.6894752
358,-306.572359,718000,6629.700881000001,-1.6843703999999997,1.9704669999999997,0.9188165999999999,-0.15671778,1.8660116000000002,1.304068,-0.19301108,0.54927605,-1.0387870000000001,1.6894752
359,-330.09637200000003,720000,6648.062358,-1.6843703999999997,1.9704669999999997,0.9188165999999999,-0.15671778,1.8660116000000002,1.304068,-0.19301108,0.54927605,-1.0387870000000001,1.6894752
360,-303.123999,722000,6667.118119,-1.6843703999999997,1.9704669999999997,0.9188165999999999,-0.15671778,1.8660116000000002,1.304068,-0.19301108,0.54927605,-1.0387870000000001,1.6894752
361,-321.895397,724000,6684.078151,-1.6843703999999997,1.9704669999999997,0.9188165999999999,-0.15671778,1.8660116000000002,1.304068,-0.19301108,0.54927605,-1.0387870000000001,1.6894752
362,-308.42614,726000,6702.839975,-1.6843703999999997,1.9704669999999997,0.9188165999999999,-0.15671778,1.8660116000000002,1.304068,-0.19301108,0.54927605,-1.0387870000000001,1.6894752
363,-317.09561099999996,728000,6720.989729000001,-1.6843703999999997,1.9704669999999997,0.9188165999999999,-0.15671778,1.8660116000000002,1.304068,-0.19301108,0.54927605,-1.0387870000000001,1.6894752
364,-318.769546,730000,6739.518768999999,-1.6843703999999997,1.9704669999999997,0.9188165999999999,-0.15671778,1.8660116000000002,1.304068,-0.19301108,0.54927605,-1.0387870000000001,1.6894752
365,-319.14649,732000,6758.333583,-1.6843703999999997,1.9704669999999997,0.9188165999999999,-0.15671778,1.8660116000000002,1.304068,-0.19301108,0.54927605,-1.0387870000000001,1.6894752
366,-345.107722,734000,6776.951686,-1.6843703999999997,1.9704669999999997,0.9188165999999999,-0.15671778,1.8660116000000002,1.304068,-0.19301108,0.54927605,-1.0387870000000001,1.6894752
367,-280.384043,736000,6795.814337999999,-1.6843703999999997,1.9704669999999997,0.9188165999999999,-0.15671778,1.8660116000000002,1.304068,-0.19301108,0.54927605,-1.0387870000000001,1.6894752
368,-321.178613,738000,6816.2094099999995,-1.6843703999999997,1.9704669999999997,0.9188165999999999,-0.15671778,1.8660116000000002,1.304068,-0.19301108,0.54927605,-1.0387870000000001,1.6894752
369,-340.79963399999997,740000,6836.170778,-1.6843703999999997,1.9704669999999997,0.9188165999999999,-0.15671778,1.8660116000000002,1.304068,-0.19301108,0.54927605,-1.0387870000000001,1.6894752
370,-311.620732,742000,6857.269536,-1.6843703999999997,1.9704669999999997,0.9188165999999999,-0.15671778,1.8660116000000002,1.304068,-0.19301108,0.54927605,-1.0387870000000001,1.6894752
371,-318.96221,744000,6881.827292,-1.6843703999999997,1.9704669999999997,0.9188165999999999,-0.15671778,1.8660116000000002,1.304068,-0.19301108,0.54927605,-1.0387870000000001,1.6894752
372,-338.911448,746000,6903.316681,-1.6843703999999997,1.9704669999999997,0.9188165999999999,-0.15671778,1.8660116000000002,1.304068,-0.19301108,0.54927605,-1.0387870000000001,1.6894752
373,-352.986844,748000,6924.219029999999,-1.6843703999999997,1.9704669999999997,0.9188165999999999,-0.15671778,1.8660116000000002,1.304068,-0.19301108,0.54927605,-1.0387870000000001,1.6894752
374,-296.837279,750000,6944.640033,-1.6843703999999997,1.9704669999999997,0.9188165999999999,-0.15671778,1.8660116000000002,1.304068,-0.19301108,0.54927605,-1.0387870000000001,1.6894752
375,-354.465914,752000,6964.253306999999,-1.6843703999999997,1.9704669999999997,0.9188165999999999,-0.15671778,1.8660116000000002,1.304068,-0.19301108,0.54927605,-1.0387870000000001,1.6894752
376,-353.63178,754000,6982.87059,-1.6843703999999997,1.9704669999999997,0.9188165999999999,-0.15671778,1.8660116000000002,1.304068,-0.19301108,0.54927605,-1.0387870000000001,1.6894752
377,-311.183168,756000,7003.69223,-1.6843703999999997,1.9704669999999997,0.9188165999999999,-0.15671778,1.8660116000000002,1.304068,-0.19301108,0.54927605,-1.0387870000000001,1.6894752
378,-352.43246899999997,758000,7022.048881000001,-1.6843703999999997,1.9704669999999997,0.9188165999999999,-0.15671778,1.8660116000000002,1.304068,-0.19301108,0.54927605,-1.0387870000000001,1.6894752
379,-356.23381,760000,7042.878045999999,-1.6843703999999997,1.9704669999999997,0.9188165999999999,-0.15671778,1.8660116000000002,1.304068,-0.19301108,0.54927605,-1.0387870000000001,1.6894752
380,-371.681113,762000,7062.476022,-1.6843703999999997,1.9704669999999997,0.9188165999999999,-0.15671778,1.8660116000000002,1.304068,-0.19301108,0.54927605,-1.0387870000000001,1.6894752
381,-368.387436,764000,7082.115862999999,-1.6843703999999997,1.9704669999999997,0.9188165999999999,-0.15671778,1.8660116000000002,1.304068,-0.19301108,0.54927605,-1.0387870000000001,1.6894752
382,-362.48389,766000,7100.851658,-1.6843703999999997,1.9704669999999997,0.9188165999999999,-0.15671778,1.8660116000000002,1.304068,-0.19301108,0.54927605,-1.0387870000000001,1.6894752
383,-365.134013,768000,7118.284458,-1.6843703999999997,1.9704669999999997,0.9188165999999999,-0.15671778,1.8660116000000002,1.304068,-0.19301108,0.54927605,-1.0387870000000001,1.6894752
384,-367.815125,770000,7137.781742,-1.6843703999999997,1.9704669999999997,0.9188165999999999,-0.15671778,1.8660116000000002,1.304068,-0.19301108,0.54927605,-1.0387870000000001,1.6894752
385,-356.876371,772000,7156.478623,-1.6843703999999997,1.9704669999999997,0.9188165999999999,-0.15671778,1.8660116000000002,1.304068,-0.19301108,0.54927605,-1.0387870000000001,1.6894752
386,-339.530948,774000,7177.566965000001,-1.6843703999999997,1.9704669999999997,0.9188165999999999,-0.15671778,1.8660116000000002,1.304068,-0.19301108,0.54927605,-1.0387870000000001,1.6894752
387,-343.39326,776000,7198.2976530000005,-1.6843703999999997,1.9704669999999997,0.9188165999999999,-0.15671778,1.8660116000000002,1.304068,-0.19301108,0.54927605,-1.0387870000000001,1.6894752
388,-361.287733,778000,7216.34922,-1.6843703999999997,1.9704669999999997,0.9188165999999999,-0.15671778,1.8660116000000002,1.304068,-0.19301108,0.54927605,-1.0387870000000001,1.6894752
389,-388.459594,780000,7237.0823980000005,-1.6843703999999997,1.9704669999999997,0.9188165999999999,-0.15671778,1.8660116000000002,1.304068,-0.19301108,0.54927605,-1.0387870000000001,1.6894752
390,-382.03479500000003,782000,7256.402644,-1.6843703999999997,1.9704669999999997,0.9188165999999999,-0.15671778,1.8660116000000002,1.304068,-0.19301108,0.54927605,-1.0387870000000001,1.6894752
391,-357.43097400000005,784000,7276.80078,-1.6843703999999997,1.9704669999999997,0.9188165999999999,-0.15671778,1.8660116000000002,1.304068,-0.19301108,0.54927605,-1.0387870000000001,1.6894752
392,-317.495612,786000,7296.241851999999,-1.6843703999999997,1.9704669999999997,0.9188165999999999,-0.15671778,1.8660116000000002,1.304068,-0.19301108,0.54927605,-1.0387870000000001,1.6894752
393,-379.423898,788000,7315.413648999999,-1.6843703999999997,1.9704669999999997,0.9188165999999999,-0.15671778,1.8660116000000002,1.304068,-0.19301108,0.54927605,-1.0387870000000001,1.6894752
394,-379.75604599999997,790000,7334.379309,-1.6843703999999997,1.9704669999999997,0.9188165999999999,-0.15671778,1.8660116000000002,1.304068,-0.19301108,0.54927605,-1.0387870000000001,1.6894752
395,-374.341561,792000,7352.120516,-1.6843703999999997,1.9704669999999997,0.9188165999999999,-0.15671778,1.8660116000000002,1.304068,-0.19301108,0.54927605,-1.0387870000000001,1.6894752
396,-386.210154,794000,7371.115989,-1.6843703999999997,1.9704669999999997,0.9188165999999999,-0.15671778,1.8660116000000002,1.304068,-0.19301108,0.54927605,-1.0387870000000001,1.6894752
397,-266.855543,796000,7392.237728,-1.6843703999999997,1.9704669999999997,0.9188165999999999,-0.15671778,1.8660116000000002,1.304068,-0.19301108,0.54927605,-1.0387870000000001,1.6894752
398,-390.067585,798000,7414.067873,-1.6843703999999997,1.9704669999999997,0.9188165999999999,-0.15671778,1.8660116000000002,1.304068,-0.19301108,0.54927605,-1.0387870000000001,1.6894752
399,-363.561479,800000,7434.711308,-1.6843703999999997,1.9704669999999997,0.9188165999999999,-0.15671778,1.8660116000000002,1.304068,-0.19301108,0.54927605,-1.0387870000000001,1.6894752
400,-386.304819,802000,7453.279248000001,-1.6843703999999997,1.9704669999999997,0.9188165999999999,-0.15671778,1.8660116000000002,1.304068,-0.19301108,0.54927605,-1.0387870000000001,1.6894752
401,-387.355177,804000,7476.737896,-1.6843703999999997,1.9704669999999997,0.9188165999999999,-0.15671778,1.8660116000000002,1.304068,-0.19301108,0.54927605,-1.0387870000000001,1.6894752
402,-331.64052799999996,806000,7497.768881999999,-1.6843703999999997,1.9704669999999997,0.9188165999999999,-0.15671778,1.8660116000000002,1.304068,-0.19301108,0.54927605,-1.0387870000000001,1.6894752
403,-379.647399,808000,7517.490831,-1.6843703999999997,1.9704669999999997,0.9188165999999999,-0.15671778,1.8660116000000002,1.304068,-0.19301108,0.54927605,-1.0387870000000001,1.6894752
404,-367.603611,810000,7534.953823999999,-1.6843703999999997,1.9704669999999997,0.9188165999999999,-0.15671778,1.8660116000000002,1.304068,-0.19301108,0.54927605,-1.0387870000000001,1.6894752
405,-320.334294,812000,7553.829828,-1.6843703999999997,1.9704669999999997,0.9188165999999999,-0.15671778,1.8660116000000002,1.304068,-0.19301108,0.54927605,-1.0387870000000001,1.6894752
406,-270.066012,814000,7572.609948,-1.6843703999999997,1.9704669999999997,0.9188165999999999,-0.15671778,1.8660116000000002,1.304068,-0.19301108,0.54927605,-1.0387870000000001,1.6894752
407,-365.428869,816000,7589.378656,-1.6843703999999997,1.9704669999999997,0.9188165999999999,-0.15671778,1.8660116000000002,1.304068,-0.19301108,0.54927605,-1.0387870000000001,1.6894752
408,-318.014571,818000,7607.570256,-1.6843703999999997,1.9704669999999997,0.9188165999999999,-0.15671778,1.8660116000000002,1.304068,-0.19301108,0.54927605,-1.0387870000000001,1.6894752
409,-395.55190699999997,820000,7625.315037,-1.6843703999999997,1.9704669999999997,0.9188165999999999,-0.15671778,1.8660116000000002,1.304068,-0.19301108,0.54927605,-1.0387870000000001,1.6894752
410,-355.3268,822000,7643.201604999999,-1.6843703999999997,1.9704669999999997,0.9188165999999999,-0.15671778,1.8660116000000002,1.304068,-0.19301108,0.54927605,-1.0387870000000001,1.6894752
411,-1552.217131,824000,7660.464387999999,-1.6843703999999997,1.9704669999999997,0.9188165999999999,-0.15671778,1.8660116000000002,1.304068,-0.19301108,0.54927605,-1.0387870000000001,1.6894752
412,-1579.041238,826000,7677.338415,-1.6843703999999997,1.9704669999999997,0.9188165999999999,-0.15671778,1.8660116000000002,1.304068,-0.19301108,0.54927605,-1.0387870000000001,1.6894752
413,-1553.650978,828000,7694.282784,-1.6843703999999997,1.9704669999999997,0.9188165999999999,-0.15671778,1.8660116000000002,1.304068,-0.19301108,0.54927605,-1.0387870000000001,1.6894752
414,-1579.728447,830000,7711.64594,-1.6843703999999997,1.9704669999999997,0.9188165999999999,-0.15671778,1.8660116000000002,1.304068,-0.19301108,0.54927605,-1.0387870000000001,1.6894752
415,-1553.429107,832000,7728.379476000001,-1.6843703999999997,1.9704669999999997,0.9188165999999999,-0.15671778,1.8660116000000002,1.304068,-0.19301108,0.54927605,-1.0387870000000001,1.6894752
416,-1642.729,834000,7746.451503,-1.6843703999999997,1.9704669999999997,0.9188165999999999,-0.15671778,1.8660116000000002,1.304068,-0.19301108,0.54927605,-1.0387870000000001,1.6894752
417,-371.781384,836000,7764.979625,-1.6843703999999997,1.9704669999999997,0.9188165999999999,-0.15671778,1.8660116000000002,1.304068,-0.19301108,0.54927605,-1.0387870000000001,1.6894752
418,-365.00235499999997,838000,7782.905631999999,-1.6843703999999997,1.9704669999999997,0.9188165999999999,-0.15671778,1.8660116000000002,1.304068,-0.19301108,0.54927605,-1.0387870000000001,1.6894752
419,-233.23249700000002,840000,7799.952259000001,-1.6843703999999997,1.9704669999999997,0.9188165999999999,-0.15671778,1.8660116000000002,1.304068,-0.19301108,0.54927605,-1.0387870000000001,1.6894752
420,-350.262886,842000,7819.295328,-1.6843703999999997,1.9704669999999997,0.9188165999999999,-0.15671778,1.8660116000000002,1.304068,-0.19301108,0.54927605,-1.0387870000000001,1.6894752
421,-401.468394,844000,7836.3535950000005,-1.6843703999999997,1.9704669999999997,0.9188165999999999,-0.15671778,1.8660116000000002,1.304068,-0.19301108,0.54927605,-1.0387870000000001,1.6894752
422,-360.88255699999996,846000,7853.741509,-1.6843703999999997,1.9704669999999997,0.9188165999999999,-0.15671778,1.8660116000000002,1.304068,-0.19301108,0.54927605,-1.0387870000000001,1.6894752
423,-358.320604,848000,7871.6567700000005,-1.6843703999999997,1.9704669999999997,0.9188165999999999,-0.15671778,1.8660116000000002,1.304068,-0.19301108,0.54927605,-1.0387870000000001,1.6894752
424,-376.830832,850000,7889.7256370000005,-1.6843703999999997,1.9704669999999997,0.9188165999999999,-0.15671778,1.8660116000000002,1.304068,-0.19301108,0.54927605,-1.0387870000000001,1.6894752
425,-377.263104,852000,7907.330131999999,-1.6843703999999997,1.9704669999999997,0.9188165999999999,-0.15671778,1.8660116000000002,1.304068,-0.19301108,0.54927605,-1.0387870000000001,1.6894752
426,-296.193902,854000,7925.536094,-1.6843703999999997,1.9704669999999997,0.9188165999999999,-0.15671778,1.8660116000000002,1.304068,-0.19301108,0.54927605,-1.0387870000000001,1.6894752
427,-319.032285,856000,7943.53386,-1.6843703999999997,1.9704669999999997,0.9188165999999999,-0.15671778,1.8660116000000002,1.304068,-0.19301108,0.54927605,-1.0387870000000001,1.6894752
428,-321.139212,858000,7961.82478,-1.6843703999999997,1.9704669999999997,0.9188165999999999,-0.15671778,1.8660116000000002,1.304068,-0.19301108,0.54927605,-1.0387870000000001,1.6894752
429,-260.763145,860000,7979.456428,-1.6843703999999997,1.9704669999999997,0.9188165999999999,-0.15671778,1.8660116000000002,1.304068,-0.19301108,0.54927605,-1.0387870000000001,1.6894752
430,-310.760385,862000,7997.485859,-1.6843703999999997,1.9704669999999997,0.9188165999999999,-0.15671778,1.8660116000000002,1.304068,-0.19301108,0.54927605,-1.0387870000000001,1.6894752
431,-358.735431,864000,8015.668893000001,-1.6843703999999997,1.9704669999999997,0.9188165999999999,-0.15671778,1.8660116000000002,1.304068,-0.19301108,0.54927605,-1.0387870000000001,1.6894752
432,-402.04436200000004,866000,8032.902332,-1.6843703999999997,1.9704669999999997,0.9188165999999999,-0.15671778,1.8660116000000002,1.304068,-0.19301108,0.54927605,-1.0387870000000001,1.6894752
433,-324.96946299999996,868000,8050.422791,-1.6843703999999997,1.9704669999999997,0.9188165999999999,-0.15671778,1.8660116000000002,1.304068,-0.19301108,0.54927605,-1.0387870000000001,1.6894752
434,-377.450013,870000,8068.515395,-1.6843703999999997,1.9704669999999997,0.9188165999999999,-0.15671778,1.8660116000000002,1.304068,-0.19301108,0.54927605,-1.0387870000000001,1.6894752
435,-309.70273399999996,872000,8086.996126999999,-1.6843703999999997,1.9704669999999997,0.9188165999999999,-0.15671778,1.8660116000000002,1.304068,-0.19301108,0.54927605,-1.0387870000000001,1.6894752
436,-356.204276,874000,8104.27092,-1.6843703999999997,1.9704669999999997,0.9188165999999999,-0.15671778,1.8660116000000002,1.304068,-0.19301108,0.54927605,-1.0387870000000001,1.6894752
437,-356.28902400000004,876000,8121.638768000001,-1.6843703999999997,1.9704669999999997,0.9188165999999999,-0.15671778,1.8660116000000002,1.304068,-0.19301108,0.54927605,-1.0387870000000001,1.6894752
438,-379.420027,878000,8139.6463810000005,-1.6843703999999997,1.9704669999999997,0.9188165999999999,-0.15671778,1.8660116000000002,1.304068,-0.19301108,0.54927605,-1.0387870000000001,1.6894752
439,-366.01942,880000,8157.354948,-1.6843703999999997,1.9704669999999997,0.9188165999999999,-0.15671778,1.8660116000000002,1.304068,-0.19301108,0.54927605,-1.0387870000000001,1.6894752
440,-360.171907,882000,8174.885379,-1.6843703999999997,1.9704669999999997,0.9188165999999999,-0.15671778,1.8660116000000002,1.304068,-0.19301108,0.54927605,-1.0387870000000001,1.6894752
441,-438.964479,884000,8192.510665,-1.6843703999999997,1.9704669999999997,0.9188165999999999,-0.15671778,1.8660116000000002,1.304068,-0.19301108,0.54927605,-1.0387870000000001,1.6894752
442,-410.431105,886000,8209.630668000002,-1.6843703999999997,1.9704669999999997,0.9188165999999999,-0.15671778,1.8660116000000002,1.304068,-0.19301108,0.54927605,-1.0387870000000001,1.6894752
443,-267.809022,888000,8226.744936,-1.6843703999999997,1.9704669999999997,0.9188165999999999,-0.15671778,1.8660116000000002,1.304068,-0.19301108,0.54927605,-1.0387870000000001,1.6894752
444,-321.38721,890000,8243.804598,-1.6843703999999997,1.9704669999999997,0.9188165999999999,-0.15671778,1.8660116000000002,1.304068,-0.19301108,0.54927605,-1.0387870000000001,1.6894752
445,-370.33117999999996,892000,8260.798331,-1.6843703999999997,1.9704669999999997,0.9188165999999999,-0.15671778,1.8660116000000002,1.304068,-0.19301108,0.54927605,-1.0387870000000001,1.6894752
446,-392.932502,894000,8277.76548,-1.6843703999999997,1.9704669999999997,0.9188165999999999,-0.15671778,1.8660116000000002,1.304068,-0.19301108,0.54927605,-1.0387870000000001,1.6894752
447,-295.680875,896000,8294.778282,-1.6843703999999997,1.9704669999999997,0.9188165999999999,-0.15671778,1.8660116000000002,1.304068,-0.19301108,0.54927605,-1.0387870000000001,1.6894752
448,-335.719708,898000,8311.805207,-1.6843703999999997,1.9704669999999997,0.9188165999999999,-0.15671778,1.8660116000000002,1.304068,-0.19301108,0.54927605,-1.0387870000000001,1.6894752
449,-275.021437,900000,8328.796101,-1.6843703999999997,1.9704669999999997,0.9188165999999999,-0.15671778,1.8660116000000002,1.304068,-0.19301108,0.54927605,-1.0387870000000001,1.6894752
450,-353.552948,902000,8345.766897,-1.6843703999999997,1.9704669999999997,0.9188165999999999,-0.15671778,1.8660116000000002,1.304068,-0.19301108,0.54927605,-1.0387870000000001,1.6894752
451,-335.991701,904000,8362.720706,-1.6843703999999997,1.9704669999999997,0.9188165999999999,-0.15671778,1.8660116000000002,1.304068,-0.19301108,0.54927605,-1.0387870000000001,1.6894752
452,-373.494556,906000,8379.761784,-1.6843703999999997,1.9704669999999997,0.9188165999999999,-0.15671778,1.8660116000000002,1.304068,-0.19301108,0.54927605,-1.0387870000000001,1.6894752
453,-386.270611,908000,8396.757873,-1.6843703999999997,1.9704669999999997,0.9188165999999999,-0.15671778,1.8660116000000002,1.304068,-0.19301108,0.54927605,-1.0387870000000001,1.6894752
454,-399.0843,910000,8413.729921,-1.6843703999999997,1.9704669999999997,0.9188165999999999,-0.15671778,1.8660116000000002,1.304068,-0.19301108,0.54927605,-1.0387870000000001,1.6894752
455,-362.149201,912000,8430.662484999999,-1.6843703999999997,1.9704669999999997,0.9188165999999999,-0.15671778,1.8660116000000002,1.304068,-0.19301108,0.54927605,-1.0387870000000001,1.6894752
456,-358.573926,914000,8447.620090999999,-1.6843703999999997,1.9704669999999997,0.9188165999999999,-0.15671778,1.8660116000000002,1.304068,-0.19301108,0.54927605,-1.0387870000000001,1.6894752
457,-320.852752,916000,8464.599006999999,-1.6843703999999997,1.9704669999999997,0.9188165999999999,-0.15671778,1.8660116000000002,1.304068,-0.19301108,0.54927605,-1.0387870000000001,1.6894752
458,-341.966007,918000,8481.578812,-1.6843703999999997,1.9704669999999997,0.9188165999999999,-0.15671778,1.8660116000000002,1.304068,-0.19301108,0.54927605,-1.0387870000000001,1.6894752
459,-385.49298500000003,920000,8498.759848,-1.6843703999999997,1.9704669999999997,0.9188165999999999,-0.15671778,1.8660116000000002,1.304068,-0.19301108,0.54927605,-1.0387870000000001,1.6894752
460,-302.212833,922000,8515.638024,-1.6843703999999997,1.9704669999999997,0.9188165999999999,-0.15671778,1.8660116000000002,1.304068,-0.19301108,0.54927605,-1.0387870000000001,1.6894752
461,-247.259178,924000,8532.700384,-1.6843703999999997,1.9704669999999997,0.9188165999999999,-0.15671778,1.8660116000000002,1.304068,-0.19301108,0.54927605,-1.0387870000000001,1.6894752
462,-348.583256,926000,8549.244872,-1.6843703999999997,1.9704669999999997,0.9188165999999999,-0.15671778,1.8660116000000002,1.304068,-0.19301108,0.54927605,-1.0387870000000001,1.6894752
463,-354.662864,928000,8566.320090000001,-1.6843703999999997,1.9704669999999997,0.9188165999999999,-0.15671778,1.8660116000000002,1.304068,-0.19301108,0.54927605,-1.0387870000000001,1.6894752
464,-241.160678,930000,8583.049504999999,-1.6843703999999997,1.9704669999999997,0.9188165999999999,-0.15671778,1.8660116000000002,1.304068,-0.19301108,0.54927605,-1.0387870000000001,1.6894752
465,-228.43353399999998,932000,8869.155649,-1.6843703999999997,1.9704669999999997,0.9188165999999999,-0.15671778,1.8660116000000002,1.304068,-0.19301108,0.54927605,-1.0387870000000001,1.6894752
466,-241.281004,934000,8890.12464,-1.6843703999999997,1.9704669999999997,0.9188165999999999,-0.15671778,1.8660116000000002,1.304068,-0.19301108,0.54927605,-1.0387870000000001,1.6894752
467,-222.43276600000002,936000,8908.158943,-1.6843703999999997,1.9704669999999997,0.9188165999999999,-0.15671778,1.8660116000000002,1.304068,-0.19301108,0.54927605,-1.0387870000000001,1.6894752
468,-277.749823,938000,8928.409693000001,-1.6843703999999997,1.9704669999999997,0.9188165999999999,-0.15671778,1.8660116000000002,1.304068,-0.19301108,0.54927605,-1.0387870000000001,1.6894752
469,-208.15358999999998,940000,8945.737739,-1.6843703999999997,1.9704669999999997,0.9188165999999999,-0.15671778,1.8660116000000002,1.304068,-0.19301108,0.54927605,-1.0387870000000001,1.6894752
470,-223.937502,942000,8966.055953000001,-1.6843703999999997,1.9704669999999997,0.9188165999999999,-0.15671778,1.8660116000000002,1.304068,-0.19301108,0.54927605,-1.0387870000000001,1.6894752
471,-242.37691600000002,944000,8983.450529000002,-1.6843703999999997,1.9704669999999997,0.9188165999999999,-0.15671778,1.8660116000000002,1.304068,-0.19301108,0.54927605,-1.0387870000000001,1.6894752
472,-250.52331,946000,9001.367709999999,-1.6843703999999997,1.9704669999999997,0.9188165999999999,-0.15671778,1.8660116000000002,1.304068,-0.19301108,0.54927605,-1.0387870000000001,1.6894752
473,-231.085623,948000,9018.263078,-1.6843703999999997,1.9704669999999997,0.9188165999999999,-0.15671778,1.8660116000000002,1.304068,-0.19301108,0.54927605,-1.0387870000000001,1.6894752
474,-289.4468,950000,9035.565261,-1.6843703999999997,1.9704669999999997,0.9188165999999999,-0.15671778,1.8660116000000002,1.304068,-0.19301108,0.54927605,-1.0387870000000001,1.6894752
475,-181.206596,952000,9055.506202,-1.6843703999999997,1.9704669999999997,0.9188165999999999,-0.15671778,1.8660116000000002,1.304068,-0.19301108,0.54927605,-1.0387870000000001,1.6894752
476,-218.294281,954000,9074.839876,-1.6843703999999997,1.9704669999999997,0.9188165999999999,-0.15671778,1.8660116000000002,1.304068,-0.19301108,0.54927605,-1.0387870000000001,1.6894752
477,-323.15740800000003,956000,9091.884194,-1.6843703999999997,1.9704669999999997,0.9188165999999999,-0.15671778,1.8660116000000002,1.304068,-0.19301108,0.54927605,-1.0387870000000001,1.6894752
478,-207.323003,958000,9109.45138,-1.6843703999999997,1.9704669999999997,0.9188165999999999,-0.15671778,1.8660116000000002,1.304068,-0.19301108,0.54927605,-1.0387870000000001,1.6894752
479,-210.25369700000002,960000,9127.446,-1.6843703999999997,1.9704669999999997,0.9188165999999999,-0.15671778,1.8660116000000002,1.304068,-0.19301108,0.54927605,-1.0387870000000001,1.6894752
480,-329.813039,962000,9144.197381999998,-1.6843703999999997,1.9704669999999997,0.9188165999999999,-0.15671778,1.8660116000000002,1.304068,-0.19301108,0.54927605,-1.0387870000000001,1.6894752
481,-281.22846699999997,964000,9160.938449,-1.6843703999999997,1.9704669999999997,0.9188165999999999,-0.15671778,1.8660116000000002,1.304068,-0.19301108,0.54927605,-1.0387870000000001,1.6894752
482,-332.15452799999997,966000,9179.179995,-1.6843703999999997,1.9704669999999997,0.9188165999999999,-0.15671778,1.8660116000000002,1.304068,-0.19301108,0.54927605,-1.0387870000000001,1.6894752
483,-390.17931200000004,968000,9198.308597,-1.6843703999999997,1.9704669999999997,0.9188165999999999,-0.15671778,1.8660116000000002,1.304068,-0.19301108,0.54927605,-1.0387870000000001,1.6894752
484,-304.256643,970000,9218.147694,-1.6843703999999997,1.9704669999999997,0.9188165999999999,-0.15671778,1.8660116000000002,1.304068,-0.19301108,0.54927605,-1.0387870000000001,1.6894752
485,-298.982056,972000,9235.481445,-1.6843703999999997,1.9704669999999997,0.9188165999999999,-0.15671778,1.8660116000000002,1.304068,-0.19301108,0.54927605,-1.0387870000000001,1.6894752
486,-377.600683,974000,9253.826748000001,-1.6843703999999997,1.9704669999999997,0.9188165999999999,-0.15671778,1.8660116000000002,1.304068,-0.19301108,0.54927605,-1.0387870000000001,1.6894752
487,-413.127544,976000,9273.022791,-1.6843703999999997,1.9704669999999997,0.9188165999999999,-0.15671778,1.8660116000000002,1.304068,-0.19301108,0.54927605,-1.0387870000000001,1.6894752
488,-157.08169099999998,978000,9291.491052,-1.6843703999999997,1.9704669999999997,0.9188165999999999,-0.15671778,1.8660116000000002,1.304068,-0.19301108,0.54927605,-1.0387870000000001,1.6894752
489,-122.046484,980000,9313.163436,-1.6843703999999997,1.9704669999999997,0.9188165999999999,-0.15671778,1.8660116000000002,1.304068,-0.19301108,0.54927605,-1.0387870000000001,1.6894752
490,-1512.288943,982000,9334.730739,-1.6843703999999997,1.9704669999999997,0.9188165999999999,-0.15671778,1.8660116000000002,1.304068,-0.19301108,0.54927605,-1.0387870000000001,1.6894752
491,-212.656968,984000,9352.910285,-1.6843703999999997,1.9704669999999997,0.9188165999999999,-0.15671778,1.8660116000000002,1.304068,-0.19301108,0.54927605,-1.0387870000000001,1.6894752
492,-1354.300838,986000,9374.134827,-1.6843703999999997,1.9704669999999997,0.9188165999999999,-0.15671778,1.8660116000000002,1.304068,-0.19301108,0.54927605,-1.0387870000000001,1.6894752
493,-1498.1474759999999,988000,9395.514659,-1.6843703999999997,1.9704669999999997,0.9188165999999999,-0.15671778,1.8660116000000002,1.304068,-0.19301108,0.54927605,-1.0387870000000001,1.6894752
494,-1432.3583720000001,990000,9414.732648000001,-1.6843703999999997,1.9704669999999997,0.9188165999999999,-0.15671778,1.8660116000000002,1.304068,-0.19301108,0.54927605,-1.0387870000000001,1.6894752
495,-1467.3705300000001,992000,9434.569878,-1.6843703999999997,1.9704669999999997,0.9188165999999999,-0.15671778,1.8660116000000002,1.304068,-0.19301108,0.54927605,-1.0387870000000001,1.6894752
496,-1450.14887,994000,9453.63077,-1.6843703999999997,1.9704669999999997,0.9188165999999999,-0.15671778,1.8660116000000002,1.304068,-0.19301108,0.54927605,-1.0387870000000001,1.6894752
497,-1450.994852,996000,9474.959099,-1.6843703999999997,1.9704669999999997,0.9188165999999999,-0.15671778,1.8660116000000002,1.304068,-0.19301108,0.54927605,-1.0387870000000001,1.6894752
498,-1425.83643,998000,9492.206538,-1.6843703999999997,1.9704669999999997,0.9188165999999999,-0.15671778,1.8660116000000002,1.304068,-0.19301108,0.54927605,-1.0387870000000001,1.6894752
499,-1463.130151,1000000,9509.633264,-1.6843703999999997,1.9704669999999997,0.9188165999999999,-0.15671778,1.8660116000000002,1.304068,-0.19301108,0.54927605,-1.0387870000000001,1.6894752
